Pos,MHC,Peptide,Core,Of,Gp,Gl,Ip,Il,Icore,Identity,Score_EL,%Rank_EL,Score_BA,%Rank_BA,Aff(nM),BindLevel
1,HLA-A*02:01,SMHDVIECV,SMHDVIECV,0,0,0,0,0,SMHDVIECV,PEPLIST,0.904152,0.047,0.762003,0.177,13.13,SB
1,HLA-A*02:01,YMSVEGVIHL,YMSEGVIHL,0,3,1,0,0,YMSVEGVIHL,PEPLIST,0.842881,0.079,0.808739,0.088,7.92,SB
1,HLA-A*02:01,QLYNSTPIYV,QLYNSPIYV,0,5,1,0,0,QLYNSTPIYV,PEPLIST,0.685624,0.199,0.7665,0.169,12.51,SB
1,HLA-A*02:01,YALSECTHEL,YLSECTHEL,0,1,1,0,0,YALSECTHEL,PEPLIST,0.551477,0.333,0.789243,0.126,9.78,SB
1,HLA-A*02:01,YWLAETDFQI,YLAETDFQI,0,1,1,0,0,YWLAETDFQI,PEPLIST,0.51425,0.376,0.790455,0.123,9.65,SB
1,HLA-A*02:01,SMPHLDHEL,SMPHLDHEL,0,0,0,0,0,SMPHLDHEL,PEPLIST,0.468655,0.434,0.496447,1.823,232.37,SB
1,HLA-A*02:01,SQILGTPKI,SQILGTPKI,0,0,0,0,0,SQILGTPKI,PEPLIST,0.334288,0.669,0.413384,3.002,570.81,WB
1,HLA-A*02:01,HLSIWNDEV,HLSIWNDEV,0,0,0,0,0,HLSIWNDEV,PEPLIST,0.252086,0.917,0.557142,1.218,120.5,WB
1,HLA-A*02:01,FMFEKEMAVH,FMFEKEMAV,0,0,0,0,0,FMFEKEMAV,PEPLIST,0.203606,1.124,0.768286,0.166,12.27,WB
1,HLA-A*02:01,YLRPEGICPA,YLPEGICPA,0,2,1,0,0,YLRPEGICPA,PEPLIST,0.196936,1.156,0.735099,0.254,17.57,WB
1,HLA-A*02:01,FLAFFGFMEA,FLFFGFMEA,0,2,1,0,0,FLAFFGFMEA,PEPLIST,0.177573,1.252,0.780701,0.143,10.73,WB
1,HLA-A*02:01,TLDPHRQHQC,TLDPHQHQC,0,5,1,0,0,TLDPHRQHQC,PEPLIST,0.145503,1.455,0.190707,10.962,6351.02,WB
1,HLA-A*02:01,MMVFTYGMEV,MMFTYGMEV,0,2,1,0,0,MMVFTYGMEV,PEPLIST,0.125199,1.592,0.817768,0.075,7.18,WB
1,HLA-A*02:01,RLICKGEELV,RLIKGEELV,0,3,1,0,0,RLICKGEELV,PEPLIST,0.123046,1.611,0.495972,1.828,233.57,WB
1,HLA-A*02:01,WQLKLGLTL,WQLKLGLTL,0,0,0,0,0,WQLKLGLTL,PEPLIST,0.120245,1.64,0.498881,1.796,226.33,WB
1,HLA-A*02:01,ISLASETTFI,ILASETTFI,0,1,1,0,0,ISLASETTFI,PEPLIST,0.09821,1.912,0.524651,1.522,171.26,WB
1,HLA-A*02:01,GCLMKDLALM,GLMKDLALM,0,1,1,0,0,GCLMKDLALM,PEPLIST,0.097173,1.926,0.537761,1.396,148.61,WB
1,HLA-A*02:01,FCDNIRWSL,FCDNIRWSL,0,0,0,0,0,FCDNIRWSL,PEPLIST,0.090276,2.025,0.299075,5.75,1966.19,
1,HLA-A*02:01,AKLWNCLMVL,ALWNCLMVL,0,1,1,0,0,AKLWNCLMVL,PEPLIST,0.077498,2.263,0.670561,0.502,35.32,
1,HLA-A*02:01,MMNDGWPHDI,MMNDGWPHI,0,8,1,0,0,MMNDGWPHDI,PEPLIST,0.063164,2.545,0.526224,1.505,168.37,
1,HLA-A*02:01,VTWDWAVYC,VTWDWAVYC,0,0,0,0,0,VTWDWAVYC,PEPLIST,0.058609,2.676,0.307393,5.477,1796.96,
1,HLA-A*02:01,GLSEKMWCNM,GLSEKMWNM,0,7,1,0,0,GLSEKMWCNM,PEPLIST,0.049588,2.934,0.392589,3.397,714.84,
1,HLA-A*02:01,YITAPSCML,YITAPSCML,0,0,0,0,0,YITAPSCML,PEPLIST,0.046165,3.051,0.411166,3.044,584.67,
1,HLA-A*02:01,YLDYPLISKY,YLDPLISKY,0,3,1,0,0,YLDYPLISKY,PEPLIST,0.043747,3.16,0.173664,12.339,7637.1,
1,HLA-A*02:01,CWMADIKILL,CMADIKILL,0,1,1,0,0,CWMADIKILL,PEPLIST,0.039691,3.343,0.575562,1.076,98.72,
1,HLA-A*02:01,MLYDYSMLAE,MLYDYSMLA,0,0,0,0,0,MLYDYSMLA,PEPLIST,0.039209,3.365,0.667468,0.515,36.52,
1,HLA-A*02:01,NLHFIPHVT,NLHFIPHVT,0,0,0,0,0,NLHFIPHVT,PEPLIST,0.037576,3.438,0.237385,8.244,3832.7,
1,HLA-A*02:01,KGPMQVHYV,KGPMQVHYV,0,0,0,0,0,KGPMQVHYV,PEPLIST,0.0362,3.501,0.195789,10.629,6011.23,
1,HLA-A*02:01,AIWSRSHITM,AIWSRSITM,0,6,1,0,0,AIWSRSHITM,PEPLIST,0.032857,3.709,0.28876,6.096,2198.34,
1,HLA-A*02:01,YQLGSLWAW,YQLGSLWAW,0,0,0,0,0,YQLGSLWAW,PEPLIST,0.032757,3.716,0.367196,3.93,940.86,
1,HLA-A*02:01,KLKHSGCHL,KLKHSGCHL,0,0,0,0,0,KLKHSGCHL,PEPLIST,0.028441,3.985,0.203571,10.118,5525.81,
1,HLA-A*02:01,SFDTEWTTL,SFDTEWTTL,0,0,0,0,0,SFDTEWTTL,PEPLIST,0.024478,4.318,0.119542,18.66,13716.58,
1,HLA-A*02:01,KCMMDDIYHW,KMMDDIYHW,0,1,1,0,0,KCMMDDIYHW,PEPLIST,0.024051,4.354,0.244843,7.877,3535.57,
1,HLA-A*02:01,YLRQSASCWL,YLQSASCWL,0,2,1,0,0,YLRQSASCWL,PEPLIST,0.022292,4.506,0.5807,1.036,93.39,
1,HLA-A*02:01,RADAWGHPYV,RADAGHPYV,0,4,1,0,0,RADAWGHPYV,PEPLIST,0.020872,4.667,0.342321,4.504,1231.44,
1,HLA-A*02:01,SMCDWRAET,SMCDWRAET,0,0,0,0,0,SMCDWRAET,PEPLIST,0.019654,4.804,0.311012,5.37,1727.96,
1,HLA-A*02:01,KSDHLSVYF,KSDHLSVYF,0,0,0,0,0,KSDHLSVYF,PEPLIST,0.019592,4.811,0.143182,15.348,10620.92,
1,HLA-A*02:01,RFWNGMNAL,RFWNGMNAL,0,0,0,0,0,RFWNGMNAL,PEPLIST,0.019054,4.872,0.266197,6.927,2806.2,
1,HLA-A*02:01,ATYRTPNWTA,ATYTPNWTA,0,3,1,0,0,ATYRTPNWTA,PEPLIST,0.018287,4.959,0.243575,7.939,3584.42,
1,HLA-A*02:01,SLKHPYSNPI,SLHPYSNPI,0,2,1,0,0,SLKHPYSNPI,PEPLIST,0.018221,4.966,0.393608,3.378,707,
1,HLA-A*02:01,AYDSMKFHL,AYDSMKFHL,0,0,0,0,0,AYDSMKFHL,PEPLIST,0.017852,5.013,0.120521,18.501,13572.05,
1,HLA-A*02:01,MLIQMMPVFM,MLIQMPVFM,0,4,1,0,0,MLIQMMPVFM,PEPLIST,0.017577,5.063,0.557685,1.214,119.79,
1,HLA-A*02:01,MGVIAFHPFV,MVIAFHPFV,0,1,1,0,0,MGVIAFHPFV,PEPLIST,0.016371,5.28,0.593901,0.932,80.96,
1,HLA-A*02:01,YLTWSTSIVS,YLWSTSIVS,0,2,1,0,0,YLTWSTSIVS,PEPLIST,0.014435,5.648,0.474259,2.079,295.42,
1,HLA-A*02:01,KTPASYPMA,KTPASYPMA,0,0,0,0,0,KTPASYPMA,PEPLIST,0.013161,5.912,0.196594,10.576,5959.1,
1,HLA-A*02:01,ATDEAQNYFI,ATDEAQNYI,0,8,1,0,0,ATDEAQNYFI,PEPLIST,0.01302,5.941,0.244636,7.887,3543.5,
1,HLA-A*02:01,SAQIKMPHML,SQIKMPHML,0,1,1,0,0,SAQIKMPHML,PEPLIST,0.012351,6.097,0.151822,14.396,9673.04,
1,HLA-A*02:01,FMGTIIPHHC,FMGTIPHHC,0,4,1,0,0,FMGTIIPHHC,PEPLIST,0.012237,6.126,0.316003,5.223,1637.12,
1,HLA-A*02:01,SVYTEGRWDA,SVYEGRWDA,0,3,1,0,0,SVYTEGRWDA,PEPLIST,0.011678,6.269,0.245991,7.822,3491.93,
1,HLA-A*02:01,TMNIDLTST,TMNIDLTST,0,0,0,0,0,TMNIDLTST,PEPLIST,0.010651,6.537,0.21694,9.309,4781.62,
1,HLA-A*02:01,FYPTHIWEF,FYPTHIWEF,0,0,0,0,0,FYPTHIWEF,PEPLIST,0.010391,6.619,0.117558,18.982,14014.21,
1,HLA-A*02:01,TYFHLVWKA,TYFHLVWKA,0,0,0,0,0,TYFHLVWKA,PEPLIST,0.010202,6.679,0.173517,12.352,7649.25,
1,HLA-A*02:01,WHLADETFMT,WLADETFMT,0,1,1,0,0,WHLADETFMT,PEPLIST,0.01002,6.736,0.390952,3.429,727.61,
1,HLA-A*02:01,LEMWVFVQKL,LMWVFVQKL,0,1,1,0,0,LEMWVFVQKL,PEPLIST,0.009669,6.847,0.416884,2.946,549.6,
1,HLA-A*02:01,RQDSPFKYT,RQDSPFKYT,0,0,0,0,0,RQDSPFKYT,PEPLIST,0.00909,7.038,0.115332,19.345,14355.83,
1,HLA-A*02:01,GTFSPCHERA,GTFSPCHEA,0,8,1,0,0,GTFSPCHERA,PEPLIST,0.008041,7.461,0.152539,14.32,9598.29,
1,HLA-A*02:01,MGMCELWTML,MMCELWTML,0,1,1,0,0,MGMCELWTML,PEPLIST,0.007863,7.538,0.571868,1.104,102.75,
1,HLA-A*02:01,HQYWDQHFW,HQYWDQHFW,0,0,0,0,0,HQYWDQHFW,PEPLIST,0.007737,7.595,0.13435,16.461,11685.93,
1,HLA-A*02:01,VYLYDSPLPK,VLYDSPLPK,0,1,1,0,0,VYLYDSPLPK,PEPLIST,0.007023,7.923,0.198349,10.46,5847.01,
1,HLA-A*02:01,NKQHDGLQQA,NQHDGLQQA,0,1,1,0,0,NKQHDGLQQA,PEPLIST,0.006858,7.998,0.080987,27.247,20816.83,
1,HLA-A*02:01,WMTNWNFES,WMTNWNFES,0,0,0,0,0,WMTNWNFES,PEPLIST,0.00684,8.008,0.480148,1.997,277.18,
1,HLA-A*02:01,YSCQTSEPV,YSCQTSEPV,0,0,0,0,0,YSCQTSEPV,PEPLIST,0.006813,8.022,0.331443,4.791,1385.25,
1,HLA-A*02:01,TSLFMNLEWI,TLFMNLEWI,0,1,1,0,0,TSLFMNLEWI,PEPLIST,0.006647,8.113,0.462419,2.247,335.8,
1,HLA-A*02:01,IQCIYLTSA,IQCIYLTSA,0,0,0,0,0,IQCIYLTSA,PEPLIST,0.006404,8.246,0.259864,7.19,3005.23,
1,HLA-A*02:01,RMAFQITWSP,RMFQITWSP,0,2,1,0,0,RMAFQITWSP,PEPLIST,0.006091,8.416,0.365171,3.974,961.71,
1,HLA-A*02:01,SVEEWTHYAM,SVEEWTHYM,0,8,1,0,0,SVEEWTHYAM,PEPLIST,0.005986,8.474,0.191663,10.899,6285.66,
1,HLA-A*02:01,YINTENMMVM,YINENMMVM,0,3,1,0,0,YINTENMMVM,PEPLIST,0.005649,8.709,0.302627,5.632,1892.06,
1,HLA-A*02:01,FQKCCSVWPI,FQCCSVWPI,0,2,1,0,0,FQKCCSVWPI,PEPLIST,0.005556,8.776,0.58759,0.983,86.68,
1,HLA-A*02:01,ALMSHWSIY,ALMSHWSIY,0,0,0,0,0,ALMSHWSIY,PEPLIST,0.005507,8.811,0.159869,13.582,8866.46,
1,HLA-A*02:01,VELCKDSELI,VLCKDSELI,0,1,1,0,0,VELCKDSELI,PEPLIST,0.005314,8.951,0.196486,10.583,5966.07,
1,HLA-A*02:01,SQGYPSQCMA,SQYPSQCMA,0,2,1,0,0,SQGYPSQCMA,PEPLIST,0.004854,9.319,0.163094,13.267,8562.42,
1,HLA-A*02:01,VLNPQQFSSW,VLNPQQFSW,0,7,1,0,0,VLNPQQFSSW,PEPLIST,0.004651,9.484,0.090529,24.513,18774.87,
1,HLA-A*02:01,GNYPYNFSM,GNYPYNFSM,0,0,0,0,0,GNYPYNFSM,PEPLIST,0.004528,9.598,0.136786,16.133,11381.95,
1,HLA-A*02:01,KARAGCHIYV,KAAGCHIYV,0,2,1,0,0,KARAGCHIYV,PEPLIST,0.004332,9.785,0.30286,5.625,1887.3,
1,HLA-A*02:01,RGHDAVHLA,RGHDAVHLA,0,0,0,0,0,RGHDAVHLA,PEPLIST,0.004138,9.97,0.092966,23.887,18286.28,
1,HLA-A*02:01,HGYQAIVLM,HGYQAIVLM,0,0,0,0,0,HGYQAIVLM,PEPLIST,0.00394,10.205,0.104565,21.306,16129.54,
1,HLA-A*02:01,HQYEQPISSH,HQYEPISSH,0,4,1,0,0,HQYEQPISSH,PEPLIST,0.003906,10.247,0.052562,39.464,28312.79,
1,HLA-A*02:01,LEAFNGVIKA,LAFNGVIKA,0,1,1,0,0,LEAFNGVIKA,PEPLIST,0.003786,10.395,0.152868,14.286,9564.18,
1,HLA-A*02:01,TGQETFPMKV,TQETFPMKV,0,1,1,0,0,TGQETFPMKV,PEPLIST,0.003609,10.613,0.129208,17.17,12354.51,
1,HLA-A*02:01,KICCEIRHAI,KICEIRHAI,0,2,1,0,0,KICCEIRHAI,PEPLIST,0.003596,10.629,0.27068,6.754,2673.33,
1,HLA-A*02:01,RHMMKRENIL,RMMKRENIL,0,1,1,0,0,RHMMKRENIL,PEPLIST,0.003544,10.692,0.21205,9.582,5041.43,
1,HLA-A*02:01,GVFTALIDC,GVFTALIDC,0,0,0,0,0,GVFTALIDC,PEPLIST,0.003523,10.718,0.148253,14.77,10053.88,
1,HLA-A*02:01,MVMKDLAHTP,MMKDLAHTP,0,1,1,0,0,MVMKDLAHTP,PEPLIST,0.003471,10.782,0.183719,11.515,6849.83,
1,HLA-A*02:01,SLDTRSGGY,SLDTRSGGY,0,0,0,0,0,SLDTRSGGY,PEPLIST,0.003415,10.851,0.068677,31.596,23782.57,
1,HLA-A*02:01,AFTDWNMKF,AFTDWNMKF,0,0,0,0,0,AFTDWNMKF,PEPLIST,0.003347,10.935,0.085843,25.8,19751.34,
1,HLA-A*02:01,FCDYPTDDV,FCDYPTDDV,0,0,0,0,0,FCDYPTDDV,PEPLIST,0.003345,10.937,0.124963,17.799,12935.19,
1,HLA-A*02:01,TMHAIGKIDL,TMHAIGIDL,0,6,1,0,0,TMHAIGKIDL,PEPLIST,0.00314,11.252,0.241099,8.06,3681.74,
1,HLA-A*02:01,GVDYTYHEHI,GVDYTYHEI,0,8,1,0,0,GVDYTYHEHI,PEPLIST,0.002913,11.625,0.1654,13.042,8351.42,
1,HLA-A*02:01,GQHGHSKDAV,GQHGHSDAV,0,6,1,0,0,GQHGHSKDAV,PEPLIST,0.002865,11.703,0.110983,20.062,15047.49,
1,HLA-A*02:01,EIILQHLAAA,EIIQHLAAA,0,3,1,0,0,EIILQHLAAA,PEPLIST,0.002808,11.797,0.221767,9.052,4538.3,
1,HLA-A*02:01,QHADPQWNM,QHADPQWNM,0,0,0,0,0,QHADPQWNM,PEPLIST,0.002796,11.816,0.060755,35.038,25910.99,
1,HLA-A*02:01,KRLDKLGRL,KRLDKLGRL,0,0,0,0,0,KRLDKLGRL,PEPLIST,0.002684,12,0.060304,35.258,26037.75,
1,HLA-A*02:01,TQQDQSNWPM,TQQDQSWPM,0,6,1,0,0,TQQDQSNWPM,PEPLIST,0.002669,12.032,0.201345,10.264,5660.52,
1,HLA-A*02:01,LQDPCTGEY,LQDPCTGEY,0,0,0,0,0,LQDPCTGEY,PEPLIST,0.00266,12.052,0.074026,29.582,22445.23,
1,HLA-A*02:01,MSLEYPMQW,MSLEYPMQW,0,0,0,0,0,MSLEYPMQW,PEPLIST,0.002638,12.099,0.089431,24.799,18999.25,
1,HLA-A*02:01,NLQAAVHHAC,NLQAAVHHC,0,8,1,0,0,NLQAAVHHAC,PEPLIST,0.002608,12.163,0.145806,15.031,10323.62,
1,HLA-A*02:01,MLVQYICPAS,MLVQYIPAS,0,6,1,0,0,MLVQYICPAS,PEPLIST,0.002515,12.363,0.439668,2.579,429.52,
1,HLA-A*02:01,NQNRENGWHM,NQNENGWHM,0,3,1,0,0,NQNRENGWHM,PEPLIST,0.002445,12.514,0.103733,21.476,16275.4,
1,HLA-A*02:01,NMVWGSSEDA,NMWGSSEDA,0,2,1,0,0,NMVWGSSEDA,PEPLIST,0.002351,12.716,0.230286,8.602,4138.69,
1,HLA-A*02:01,LVFKLKPPF,LVFKLKPPF,0,0,0,0,0,LVFKLKPPF,PEPLIST,0.002318,12.787,0.109398,20.364,15307.77,
1,HLA-A*02:01,WTQNIGAWHL,WQNIGAWHL,0,1,1,0,0,WTQNIGAWHL,PEPLIST,0.002287,12.854,0.294001,5.918,2077.15,
1,HLA-A*02:01,KMINNNELH,KMINNNELH,0,0,0,0,0,KMINNNELH,PEPLIST,0.002278,12.873,0.087863,25.226,19324.33,
1,HLA-A*02:01,RPLLTWWVWM,RLLTWWVWM,0,1,1,0,0,RPLLTWWVWM,PEPLIST,0.00223,12.976,0.352888,4.258,1098.4,
1,HLA-A*02:01,ALCVRRFHKI,ALVRRFHKI,0,2,1,0,0,ALCVRRFHKI,PEPLIST,0.002128,13.244,0.1782,11.959,7271.32,
1,HLA-A*02:01,TMKPETVEYS,TMPETVEYS,0,2,1,0,0,TMKPETVEYS,PEPLIST,0.002121,13.263,0.145568,15.06,10350.24,
1,HLA-A*02:01,GVYENDYLDT,GVYENDYLT,0,8,1,0,0,GVYENDYLDT,PEPLIST,0.002088,13.351,0.142102,15.478,10745.76,
1,HLA-A*02:01,RILLNHDVA,RILLNHDVA,0,0,0,0,0,RILLNHDVA,PEPLIST,0.002066,13.41,0.146418,14.963,10255.49,
1,HLA-A*02:01,TVWDNPCSMS,TVWDNPSMS,0,6,1,0,0,TVWDNPCSMS,PEPLIST,0.002031,13.504,0.121147,18.399,13480.44,
1,HLA-A*02:01,RTNTHAQMQI,RTNTHQMQI,0,5,1,0,0,RTNTHAQMQI,PEPLIST,0.002004,13.576,0.110082,20.234,15194.9,
1,HLA-A*02:01,TAIVAYFLL,TAIVAYFLL,0,0,0,0,0,TAIVAYFLL,PEPLIST,0.001887,13.89,0.249228,7.665,3371.75,
1,HLA-A*02:01,TTEMYSHHEV,TTMYSHHEV,0,2,1,0,0,TTEMYSHHEV,PEPLIST,0.001887,13.89,0.183947,11.497,6832.96,
1,HLA-A*02:01,MNFDHLCNTL,MNFDHLNTL,0,6,1,0,0,MNFDHLCNTL,PEPLIST,0.001847,13.997,0.202942,10.159,5563.54,
1,HLA-A*02:01,NAFDIWLSTC,NAFDILSTC,0,5,1,0,0,NAFDIWLSTC,PEPLIST,0.001814,14.11,0.142138,15.473,10741.57,
1,HLA-A*02:01,YDYNPESAAV,YDYPESAAV,0,3,1,0,0,YDYNPESAAV,PEPLIST,0.001788,14.199,0.136827,16.127,11376.9,
1,HLA-A*02:01,FCDEGLQELD,FCDEGLQEL,0,0,0,0,0,FCDEGLQEL,PEPLIST,0.001722,14.425,0.066503,32.489,24348.62,
1,HLA-A*02:01,SIRNSPFIIM,SINSPFIIM,0,2,1,0,0,SIRNSPFIIM,PEPLIST,0.001709,14.469,0.13976,15.76,11021.53,
1,HLA-A*02:01,ACDPLQDMKI,ACDPLQMKI,0,6,1,0,0,ACDPLQDMKI,PEPLIST,0.001663,14.627,0.05768,36.612,26787.57,
1,HLA-A*02:01,WASCDEKPYV,WASDEKPYV,0,3,1,0,0,WASCDEKPYV,PEPLIST,0.00164,14.705,0.183174,11.559,6890.34,
1,HLA-A*02:01,TMDGAHLVDY,TMDGAHLVY,0,8,1,0,0,TMDGAHLVDY,PEPLIST,0.001497,15.253,0.095905,23.172,17713.94,
1,HLA-A*02:01,WIWKIYFCNL,WIWKIYFNL,0,7,1,0,0,WIWKIYFCNL,PEPLIST,0.001481,15.324,0.316954,5.195,1620.36,
1,HLA-A*02:01,ELGPPFQLLG,ELGPPFQLL,0,0,0,0,0,ELGPPFQLL,PEPLIST,0.001458,15.427,0.092312,24.05,18416.15,
1,HLA-A*02:01,AWNIIQHFA,AWNIIQHFA,0,0,0,0,0,AWNIIQHFA,PEPLIST,0.00144,15.507,0.089311,24.83,19023.93,
1,HLA-A*02:01,RMAYGGGNSE,RMYGGGNSE,0,2,1,0,0,RMAYGGGNSE,PEPLIST,0.001428,15.56,0.111684,19.939,14933.79,
1,HLA-A*02:01,YTWSHHERHC,YTWSHERHC,0,4,1,0,0,YTWSHHERHC,PEPLIST,0.001419,15.6,0.097783,22.743,17357.64,
1,HLA-A*02:01,SFWASTMGP,SFWASTMGP,0,0,0,0,0,SFWASTMGP,PEPLIST,0.001408,15.649,0.128464,17.28,12454.37,
1,HLA-A*02:01,PMYMAEITT,PMYMAEITT,0,0,0,0,0,PMYMAEITT,PEPLIST,0.001401,15.68,0.177093,12.05,7358.94,
1,HLA-A*02:01,FHSPFKSGV,FHSPFKSGV,0,0,0,0,0,FHSPFKSGV,PEPLIST,0.001391,15.724,0.097231,22.864,17461.61,
1,HLA-A*02:01,THQMELCFEC,TQMELCFEC,0,1,1,0,0,THQMELCFEC,PEPLIST,0.001373,15.804,0.238527,8.187,3785.64,
1,HLA-A*02:01,ILKSEFNATH,ILSEFNATH,0,2,1,0,0,ILKSEFNATH,PEPLIST,0.001368,15.827,0.103626,21.498,16294.25,
1,HLA-A*02:01,FSQEYCPVKM,FSQEYPVKM,0,5,1,0,0,FSQEYCPVKM,PEPLIST,0.001363,15.849,0.151436,14.436,9713.53,
1,HLA-A*02:01,DLQAFPSFF,DLQAFPSFF,0,0,0,0,0,DLQAFPSFF,PEPLIST,0.001355,15.884,0.072293,30.204,22870.07,
1,HLA-A*02:01,KADGASENTF,KADGASNTF,0,6,1,0,0,KADGASENTF,PEPLIST,0.001314,16.075,0.05101,40.465,28792.24,
1,HLA-A*02:01,WMLVAVPQAT,WMLAVPQAT,0,3,1,0,0,WMLVAVPQAT,PEPLIST,0.001314,16.075,0.343365,4.48,1217.61,
1,HLA-A*02:01,KMMNGGVDE,KMMNGGVDE,0,0,0,0,0,KMMNGGVDE,PEPLIST,0.001308,16.105,0.121313,18.372,13456.25,
1,HLA-A*02:01,TQPDNENGEI,TQPDNENEI,0,7,1,0,0,TQPDNENGEI,PEPLIST,0.001284,16.225,0.062468,34.252,25435.18,
1,HLA-A*02:01,LDLWPGATV,LDLWPGATV,0,0,0,0,0,LDLWPGATV,PEPLIST,0.001255,16.37,0.116826,19.101,14125.64,
1,HLA-A*02:01,NMLTDPCSKT,NMLDPCSKT,0,3,1,0,0,NMLTDPCSKT,PEPLIST,0.001247,16.41,0.13567,16.283,11520.22,
1,HLA-A*02:01,INGTPPTSL,INGTPPTSL,0,0,0,0,0,INGTPPTSL,PEPLIST,0.001243,16.43,0.034,54.653,34610.28,
1,HLA-A*02:01,GVASLVIAMC,GVASVIAMC,0,4,1,0,0,GVASLVIAMC,PEPLIST,0.001241,16.44,0.145645,15.051,10341.62,
1,HLA-A*02:01,LMNSVYPGR,LMNSVYPGR,0,0,0,0,0,LMNSVYPGR,PEPLIST,0.001228,16.505,0.131912,16.79,11998.29,
1,HLA-A*02:01,RDLHERPENS,RLHERPENS,0,1,1,0,0,RDLHERPENS,PEPLIST,0.001214,16.575,0.056,37.527,27278.95,
1,HLA-A*02:01,LLIEFSGDLK,LLIEFSDLK,0,6,1,0,0,LLIEFSGDLK,PEPLIST,0.0012,16.645,0.220791,9.104,4586.48,
1,HLA-A*02:01,SMNLPQAKEY,SMLPQAKEY,0,2,1,0,0,SMNLPQAKEY,PEPLIST,0.001155,16.87,0.063091,33.968,25264.31,
1,HLA-A*02:01,NLRLNHLTS,NLRLNHLTS,0,0,0,0,0,NLRLNHLTS,PEPLIST,0.00115,16.895,0.08561,25.866,19801.18,
1,HLA-A*02:01,MFSYPKDMYY,MFYPKDMYY,0,2,1,0,0,MFSYPKDMYY,PEPLIST,0.001121,17.052,0.100509,22.146,16853.16,
1,HLA-A*02:01,QSLNLIGWL,QSLNLIGWL,0,0,0,0,0,QSLNLIGWL,PEPLIST,0.001115,17.09,0.167759,12.838,8140.96,
1,HLA-A*02:01,HINESNINK,HINESNINK,0,0,0,0,0,HINESNINK,PEPLIST,0.001087,17.271,0.044499,45.081,30893.75,
1,HLA-A*02:01,YNLQHTVPNY,YLQHTVPNY,0,1,1,0,0,YNLQHTVPNY,PEPLIST,0.001078,17.329,0.097004,22.914,17504.56,
1,HLA-A*02:01,MSHLGAMRAV,MSLGAMRAV,0,2,1,0,0,MSHLGAMRAV,PEPLIST,0.00107,17.381,0.257029,7.311,3098.83,
1,HLA-A*02:01,KGWDLHIQHT,KGWDHIQHT,0,4,1,0,0,KGWDLHIQHT,PEPLIST,0.001056,17.471,0.06835,31.731,23866.86,
1,HLA-A*02:01,GWDYITRIFL,GWDYITIFL,0,6,1,0,0,GWDYITRIFL,PEPLIST,0.001002,17.819,0.152037,14.373,9650.56,
1,HLA-A*02:01,WLWRTWWEH,WLWRTWWEH,0,0,0,0,0,WLWRTWWEH,PEPLIST,0.001,17.832,0.230448,8.593,4131.44,
1,HLA-A*02:01,KQPACISRLA,KQPAISRLA,0,4,1,0,0,KQPACISRLA,PEPLIST,0.000997,17.852,0.174687,12.253,7553.02,
1,HLA-A*02:01,LQIATADYMM,LQIATDYMM,0,5,1,0,0,LQIATADYMM,PEPLIST,0.000997,17.852,0.266071,6.932,2810.03,
1,HLA-A*02:01,AWDFHKDFF,AWDFHKDFF,0,0,0,0,0,AWDFHKDFF,PEPLIST,0.000994,17.871,0.048849,41.907,29473.39,
1,HLA-A*02:01,SEFYDYFRFI,SFYDYFRFI,0,1,1,0,0,SEFYDYFRFI,PEPLIST,0.000936,18.306,0.193834,10.757,6139.74,
1,HLA-A*02:01,YKWQAIEDI,YKWQAIEDI,0,0,0,0,0,YKWQAIEDI,PEPLIST,0.000934,18.323,0.111517,19.966,14960.8,
1,HLA-A*02:01,FRIQPKTKY,FRIQPKTKY,0,0,0,0,0,FRIQPKTKY,PEPLIST,0.000934,18.323,0.01638,79.742,41879.43,
1,HLA-A*02:01,GSTHRKMLL,GSTHRKMLL,0,0,0,0,0,GSTHRKMLL,PEPLIST,0.000931,18.347,0.058276,36.281,26615.39,
1,HLA-A*02:01,YITSQMPSAC,YITSQMPSC,0,8,1,0,0,YITSQMPSAC,PEPLIST,0.000929,18.363,0.121168,18.396,13477.37,
1,HLA-A*02:01,RQPHAEMIAC,RQHAEMIAC,0,2,1,0,0,RQPHAEMIAC,PEPLIST,0.000903,18.573,0.10375,21.473,16272.41,
1,HLA-A*02:01,ISTDVHCYYA,ISTDVHYYA,0,6,1,0,0,ISTDVHCYYA,PEPLIST,0.000891,18.669,0.274524,6.605,2564.43,
1,HLA-A*02:01,AVCACYQKQL,AVCAYQKQL,0,4,1,0,0,AVCACYQKQL,PEPLIST,0.000882,18.742,0.144818,15.151,10434.57,
1,HLA-A*02:01,NGNDRSLGL,NGNDRSLGL,0,0,0,0,0,NGNDRSLGL,PEPLIST,0.000869,18.847,0.045568,44.245,30538.48,
1,HLA-A*02:01,FFMPREKET,FFMPREKET,0,0,0,0,0,FFMPREKET,PEPLIST,0.000862,18.903,0.066515,32.484,24345.47,
1,HLA-A*02:01,ADLLQGKVEQ,ALLQGKVEQ,0,1,1,0,0,ADLLQGKVEQ,PEPLIST,0.000852,18.984,0.041453,47.557,31928.87,
1,HLA-A*02:01,DISELPWHWI,DISELPWHI,0,8,1,0,0,DISELPWHWI,PEPLIST,0.00085,19,0.110724,20.112,15089.73,
1,HLA-A*02:01,AIWHGKVNAE,AIWGKVNAE,0,3,1,0,0,AIWHGKVNAE,PEPLIST,0.000818,19.311,0.084313,26.245,20081.02,
1,HLA-A*02:01,LSCRMAQYV,LSCRMAQYV,0,0,0,0,0,LSCRMAQYV,PEPLIST,0.00081,19.388,0.193092,10.806,6189.23,
1,HLA-A*02:01,CINPRGNRC,CINPRGNRC,0,0,0,0,0,CINPRGNRC,PEPLIST,0.000806,19.427,0.048816,41.929,29483.9,
1,HLA-A*02:01,NSYHNFSQKA,NSYHNFSQA,0,8,1,0,0,NSYHNFSQKA,PEPLIST,0.000801,19.476,0.099417,22.385,17053.46,
1,HLA-A*02:01,DFLYIGYYRM,FLYIGYYRM,1,0,0,0,0,FLYIGYYRM,PEPLIST,0.000795,19.534,0.291607,5.997,2131.66,
1,HLA-A*02:01,NHTPNKCVYV,NTPNKCVYV,0,1,1,0,0,NHTPNKCVYV,PEPLIST,0.000791,19.573,0.145714,15.043,10333.9,
1,HLA-A*02:01,SQACMSPSGA,SQAMSPSGA,0,3,1,0,0,SQACMSPSGA,PEPLIST,0.000789,19.592,0.203304,10.135,5541.8,
1,HLA-A*02:01,CQWTVDVNY,CQWTVDVNY,0,0,0,0,0,CQWTVDVNY,PEPLIST,0.000775,19.728,0.090236,24.589,18834.48,
1,HLA-A*02:01,RAHYCRDLYL,RAYCRDLYL,0,2,1,0,0,RAHYCRDLYL,PEPLIST,0.000773,19.748,0.235343,8.345,3918.32,
1,HLA-A*02:01,YAEQDSDFRF,YAEDSDFRF,0,3,1,0,0,YAEQDSDFRF,PEPLIST,0.000764,19.835,0.069304,31.336,23621.78,
1,HLA-A*02:01,CGDGMLSRL,CGDGMLSRL,0,0,0,0,0,CGDGMLSRL,PEPLIST,0.000756,19.913,0.08427,26.257,20090.36,
1,HLA-A*02:01,ATQPYMKLT,ATQPYMKLT,0,0,0,0,0,ATQPYMKLT,PEPLIST,0.000755,19.922,0.066044,32.676,24469.85,
1,HLA-A*02:01,RRFPDAAST,RRFPDAAST,0,0,0,0,0,RRFPDAAST,PEPLIST,0.000754,19.932,0.037459,51.231,33338.89,
1,HLA-A*02:01,RTLLAIEHPS,RLLAIEHPS,0,1,1,0,0,RTLLAIEHPS,PEPLIST,0.000748,19.99,0.224412,8.912,4410.27,
1,HLA-A*02:01,QTGPGRCPHL,QTGPGCPHL,0,5,1,0,0,QTGPGRCPHL,PEPLIST,0.000746,20.011,0.062738,34.129,25360.98,
1,HLA-A*02:01,MQWMHDDKHC,MQWHDDKHC,0,3,1,0,0,MQWMHDDKHC,PEPLIST,0.000745,20.023,0.099014,22.473,17127.98,
1,HLA-A*02:01,HEICWTAGV,HEICWTAGV,0,0,0,0,0,HEICWTAGV,PEPLIST,0.000745,20.023,0.238703,8.179,3778.43,
1,HLA-A*02:01,FLKLHWTYKR,FLLHWTYKR,0,2,1,0,0,FLKLHWTYKR,PEPLIST,0.000732,20.172,0.162936,13.283,8577.07,
1,HLA-A*02:01,DESPEKPSL,DESPEKPSL,0,0,0,0,0,DESPEKPSL,PEPLIST,0.00073,20.195,0.016749,79.108,41712.56,
1,HLA-A*02:01,MAFAYFEISM,MAFAFEISM,0,4,1,0,0,MAFAYFEISM,PEPLIST,0.00073,20.195,0.28027,6.394,2409.85,
1,HLA-A*02:01,RVGFTGLYWF,RVFTGLYWF,0,2,1,0,0,RVGFTGLYWF,PEPLIST,0.000705,20.483,0.17236,12.449,7745.61,
1,HLA-A*02:01,RMTSDHTPGE,RMSDHTPGE,0,2,1,0,0,RMTSDHTPGE,PEPLIST,0.000699,20.552,0.083335,26.534,20294.64,
1,HLA-A*02:01,REIWRAAYTT,RIWRAAYTT,0,1,1,0,0,REIWRAAYTT,PEPLIST,0.000628,21.421,0.195664,10.637,6019.37,
1,HLA-A*02:01,VSPNPTCIM,VSPNPTCIM,0,0,0,0,0,VSPNPTCIM,PEPLIST,0.000618,21.553,0.06634,32.555,24391.61,
1,HLA-A*02:01,GFQSAGVHSR,GQSAGVHSR,0,1,1,0,0,GFQSAGVHSR,PEPLIST,0.000607,21.697,0.050812,40.597,28853.99,
1,HLA-A*02:01,REFAGIEQT,REFAGIEQT,0,0,0,0,0,REFAGIEQT,PEPLIST,0.000593,21.882,0.051398,40.205,28671.63,
1,HLA-A*02:01,SVAFENQKTS,SVFENQKTS,0,2,1,0,0,SVAFENQKTS,PEPLIST,0.000587,21.961,0.042779,46.433,31474.07,
1,HLA-A*02:01,FIPMKDKVNY,FIMKDKVNY,0,2,1,0,0,FIPMKDKVNY,PEPLIST,0.00058,22.062,0.059949,35.431,26137.95,
1,HLA-A*02:01,MAYFYTLNY,MAYFYTLNY,0,0,0,0,0,MAYFYTLNY,PEPLIST,0.000576,22.123,0.140216,15.705,10967.29,
1,HLA-A*02:01,KFMFKYYCRM,KMFKYYCRM,0,1,1,0,0,KFMFKYYCRM,PEPLIST,0.000572,22.185,0.286987,6.159,2240.92,
1,HLA-A*02:01,HSTETMHLFM,HSTETMHLM,0,8,1,0,0,HSTETMHLFM,PEPLIST,0.000554,22.462,0.108461,20.543,15463.75,
1,HLA-A*02:01,FKTVKNGVVI,FTVKNGVVI,0,1,1,0,0,FKTVKNGVVI,PEPLIST,0.000546,22.585,0.119969,18.591,13653.35,
1,HLA-A*02:01,WIGYLCFVTA,WIYLCFVTA,0,2,1,0,0,WIGYLCFVTA,PEPLIST,0.000542,22.646,0.295102,5.881,2052.55,
1,HLA-A*02:01,FTNFDCHVTH,FTFDCHVTH,0,2,1,0,0,FTNFDCHVTH,PEPLIST,0.000515,23.073,0.090387,24.55,18803.74,
1,HLA-A*02:01,LMTAFLVMH,LMTAFLVMH,0,0,0,0,0,LMTAFLVMH,PEPLIST,0.000508,23.2,0.131024,16.91,12114.13,
1,HLA-A*02:01,KQHWCATFW,KQHWCATFW,0,0,0,0,0,KQHWCATFW,PEPLIST,0.0005,23.345,0.119265,18.705,13757.75,
1,HLA-A*02:01,YFWCMYHNFL,YFWCYHNFL,0,4,1,0,0,YFWCMYHNFL,PEPLIST,0.000485,23.618,0.281135,6.363,2387.4,
1,HLA-A*02:01,CYPWNLVQA,CYPWNLVQA,0,0,0,0,0,CYPWNLVQA,PEPLIST,0.000472,23.855,0.10265,21.698,16467.24,
1,HLA-A*02:01,DLWDRLDGR,DLWDRLDGR,0,0,0,0,0,DLWDRLDGR,PEPLIST,0.000471,23.873,0.053318,38.993,28082.14,
1,HLA-A*02:01,MIRPAGWYYT,MIRPAGWYT,0,7,1,0,0,MIRPAGWYYT,PEPLIST,0.000467,23.945,0.20404,10.087,5497.84,
1,HLA-A*02:01,ETNEHVHEFM,ETNEHVHEM,0,8,1,0,0,ETNEHVHEFM,PEPLIST,0.000466,23.964,0.059769,35.519,26188.91,
1,HLA-A*02:01,VEAQIILRIL,VEAQIILRL,0,8,1,0,0,VEAQIILRIL,PEPLIST,0.000462,24.042,0.07041,30.893,23340.79,
1,HLA-A*02:01,GTFKCPSGCM,GTFKCPSGM,0,8,1,0,0,GTFKCPSGCM,PEPLIST,0.000447,24.354,0.101042,22.029,16756.24,
1,HLA-A*02:01,RFNSHTASRV,RFNSHTASV,0,8,1,0,0,RFNSHTASRV,PEPLIST,0.000447,24.354,0.099134,22.447,17105.76,
1,HLA-A*02:01,KAQGGHMNTY,KQGGHMNTY,0,1,1,0,0,KAQGGHMNTY,PEPLIST,0.000446,24.375,0.041651,47.392,31860.54,
1,HLA-A*02:01,ASMVPRHPVY,AMVPRHPVY,0,1,1,0,0,ASMVPRHPVY,PEPLIST,0.000444,24.417,0.081517,27.077,20697.8,
1,HLA-A*02:01,GDYRWAMQFL,GDYRWAMQL,0,8,1,0,0,GDYRWAMQFL,PEPLIST,0.000444,24.417,0.095958,23.159,17703.79,
1,HLA-A*02:01,PAGNELYEL,PAGNELYEL,0,0,0,0,0,PAGNELYEL,PEPLIST,0.00044,24.5,0.047717,42.703,29836.6,
1,HLA-A*02:01,RTKFPGAKW,RTKFPGAKW,0,0,0,0,0,RTKFPGAKW,PEPLIST,0.000437,24.562,0.02816,61.608,36867.79,
1,HLA-A*02:01,GQAIDGSHEE,GQIDGSHEE,0,2,1,0,0,GQAIDGSHEE,PEPLIST,0.000433,24.646,0.040246,48.604,32348.58,
1,HLA-A*02:01,MAWITRREF,MAWITRREF,0,0,0,0,0,MAWITRREF,PEPLIST,0.000429,24.729,0.075695,28.99,22043.55,
1,HLA-A*02:01,SSNYFNMFF,SSNYFNMFF,0,0,0,0,0,SSNYFNMFF,PEPLIST,0.000417,24.979,0.122391,18.197,13300.21,
1,HLA-A*02:01,LAQTETSAA,LAQTETSAA,0,0,0,0,0,LAQTETSAA,PEPLIST,0.000416,25,0.062982,34.017,25294.11,
1,HLA-A*02:01,ITNDTEGRC,ITNDTEGRC,0,0,0,0,0,ITNDTEGRC,PEPLIST,0.000415,25.024,0.039664,49.126,32552.92,
1,HLA-A*02:01,ITFQFNSFMC,ITFQNSFMC,0,4,1,0,0,ITFQFNSFMC,PEPLIST,0.000415,25.024,0.15344,14.226,9505.17,
1,HLA-A*02:01,NEVMDWLESH,NVMDWLESH,0,1,1,0,0,NEVMDWLESH,PEPLIST,0.000414,25.049,0.0533,39.004,28087.61,
1,HLA-A*02:01,KIDSAIIPMG,KIDSAIIPM,0,0,0,0,0,KIDSAIIPM,PEPLIST,0.000399,25.415,0.172345,12.451,7746.87,
1,HLA-A*02:01,SFLATAIEK,SFLATAIEK,0,0,0,0,0,SFLATAIEK,PEPLIST,0.000386,25.732,0.051787,39.948,28551.2,
1,HLA-A*02:01,SYAPQFYRRA,SYAPQFYRA,0,7,1,0,0,SYAPQFYRRA,PEPLIST,0.000383,25.805,0.059682,35.561,26213.56,
1,HLA-A*02:01,APRQPHICRL,APRQPHIRL,0,7,1,0,0,APRQPHICRL,PEPLIST,0.00038,25.878,0.037911,50.784,33176.25,
1,HLA-A*02:01,YCPDKCLDF,YCPDKCLDF,0,0,0,0,0,YCPDKCLDF,PEPLIST,0.000379,25.902,0.039681,49.111,32546.94,
1,HLA-A*02:01,FIAHRKKLHC,FIAHKKLHC,0,4,1,0,0,FIAHRKKLHC,PEPLIST,0.000379,25.902,0.057973,36.449,26702.78,
1,HLA-A*02:01,HHLTSEWWM,HHLTSEWWM,0,0,0,0,0,HHLTSEWWM,PEPLIST,0.000378,25.927,0.07343,29.794,22590.44,
1,HLA-A*02:01,ALVSQMLKYK,ALVSQMLKK,0,8,1,0,0,ALVSQMLKYK,PEPLIST,0.00037,26.132,0.077895,28.248,21525.03,
1,HLA-A*02:01,QADWQFMDSI,QAWQFMDSI,0,2,1,0,0,QADWQFMDSI,PEPLIST,0.000369,26.158,0.168997,12.733,8032.64,
1,HLA-A*02:01,EFLMAHWWNS,FLMAHWWNS,1,0,0,0,0,FLMAHWWNS,PEPLIST,0.000365,26.263,0.409489,3.076,595.38,
1,HLA-A*02:01,RMAWAMIWQ,RMAWAMIWQ,0,0,0,0,0,RMAWAMIWQ,PEPLIST,0.000362,26.342,0.172331,12.452,7748.04,
1,HLA-A*02:01,KISGEHLSSH,KISEHLSSH,0,3,1,0,0,KISGEHLSSH,PEPLIST,0.000357,26.474,0.041074,47.872,32060.08,
1,HLA-A*02:01,RRRTAHHQF,RRRTAHHQF,0,0,0,0,0,RRRTAHHQF,PEPLIST,0.000351,26.632,0.023009,68.805,38980.86,
1,HLA-A*02:01,QQYHSNPRGK,QQYHSNPGK,0,7,1,0,0,QQYHSNPRGK,PEPLIST,0.000351,26.632,0.039007,49.724,32785.16,
1,HLA-A*02:01,KSWTIHPSHT,KSWTIPSHT,0,5,1,0,0,KSWTIHPSHT,PEPLIST,0.000349,26.684,0.075517,29.052,22086.04,
1,HLA-A*02:01,KFRAHSMSY,KFRAHSMSY,0,0,0,0,0,KFRAHSMSY,PEPLIST,0.000344,26.816,0.036486,52.194,33691.73,
1,HLA-A*02:01,SVEFWDSKNF,SVEFWDSKF,0,8,1,0,0,SVEFWDSKNF,PEPLIST,0.00034,26.921,0.054439,38.376,27743.6,
1,HLA-A*02:01,MYYEQNMEFR,MYYEQNMER,0,8,1,0,0,MYYEQNMEFR,PEPLIST,0.000339,26.947,0.072472,30.138,22825.82,
1,HLA-A*02:01,WMLQGHSNH,WMLQGHSNH,0,0,0,0,0,WMLQGHSNH,PEPLIST,0.000339,26.947,0.073289,29.844,22624.93,
1,HLA-A*02:01,RQELNHAAMW,RQLNHAAMW,0,2,1,0,0,RQELNHAAMW,PEPLIST,0.000334,27.097,0.069691,31.176,23523.07,
1,HLA-A*02:01,TMNQRTWGLN,TMNQRTWGL,0,0,0,0,0,TMNQRTWGL,PEPLIST,0.000334,27.097,0.161477,13.425,8713.54,
1,HLA-A*02:01,RDVDINMARC,RVDINMARC,0,1,1,0,0,RDVDINMARC,PEPLIST,0.000334,27.097,0.071202,30.603,23141.63,
1,HLA-A*02:01,RFLIRHSFYH,RLIRHSFYH,0,1,1,0,0,RFLIRHSFYH,PEPLIST,0.000325,27.387,0.126907,17.511,12665.95,
1,HLA-A*02:01,ITQPCWFMT,ITQPCWFMT,0,0,0,0,0,ITQPCWFMT,PEPLIST,0.000325,27.387,0.150549,14.529,9807.19,
1,HLA-A*02:01,TSVGTMRHNI,TSVGTMHNI,0,6,1,0,0,TSVGTMRHNI,PEPLIST,0.000319,27.581,0.091457,24.272,18587.3,
1,HLA-A*02:01,VHHEKARRF,VHHEKARRF,0,0,0,0,0,VHHEKARRF,PEPLIST,0.000314,27.742,0.016726,79.147,41722.95,
1,HLA-A*02:01,CSEDDGHLPM,CSDDGHLPM,0,2,1,0,0,CSEDDGHLPM,PEPLIST,0.00031,27.871,0.096081,23.129,17680.24,
1,HLA-A*02:01,PICSLTDEI,PICSLTDEI,0,0,0,0,0,PICSLTDEI,PEPLIST,0.000309,27.903,0.090516,24.517,18777.52,
1,HLA-A*02:01,YEGAFFEPEI,YGAFFEPEI,0,1,1,0,0,YEGAFFEPEI,PEPLIST,0.000307,27.968,0.177447,12.02,7330.81,
1,HLA-A*02:01,SKQQHHTYHC,SQQHHTYHC,0,1,1,0,0,SKQQHHTYHC,PEPLIST,0.000303,28.111,0.057564,36.676,26821.21,
1,HLA-A*02:01,IDVCYNRSYV,IVCYNRSYV,0,1,1,0,0,IDVCYNRSYV,PEPLIST,0.000302,28.148,0.179021,11.893,7207.02,
1,HLA-A*02:01,HSNYHITFYC,HSYHITFYC,0,2,1,0,0,HSNYHITFYC,PEPLIST,0.000297,28.333,0.130077,17.041,12238.89,
1,HLA-A*02:01,AHYDYFTIWM,AHYDFTIWM,0,4,1,0,0,AHYDYFTIWM,PEPLIST,0.000296,28.37,0.098107,22.672,17296.9,
1,HLA-A*02:01,TVIVTWKSR,TVIVTWKSR,0,0,0,0,0,TVIVTWKSR,PEPLIST,0.000295,28.407,0.04088,48.037,32127.43,
1,HLA-A*02:01,MQHINAYADA,MQHINAYAA,0,8,1,0,0,MQHINAYADA,PEPLIST,0.000292,28.519,0.212476,9.555,5018.24,
1,HLA-A*02:01,KCSLWYVYT,KCSLWYVYT,0,0,0,0,0,KCSLWYVYT,PEPLIST,0.000291,28.556,0.095593,23.248,17773.85,
1,HLA-A*02:01,CATINASYL,CATINASYL,0,0,0,0,0,CATINASYL,PEPLIST,0.000287,28.704,0.123946,17.95,13078.3,
1,HLA-A*02:01,LGFKHSHPP,LGFKHSHPP,0,0,0,0,0,LGFKHSHPP,PEPLIST,0.000285,28.778,0.063656,33.715,25110.33,
1,HLA-A*02:01,AEEVSVWLF,AEEVSVWLF,0,0,0,0,0,AEEVSVWLF,PEPLIST,0.000274,29.2,0.042606,46.582,31533.03,
1,HLA-A*02:01,GSYNWYPTQK,GSYNWPTQK,0,5,1,0,0,GSYNWYPTQK,PEPLIST,0.000272,29.28,0.054745,38.207,27651.89,
1,HLA-A*02:01,SDCSVLANGL,SDCSVLANL,0,8,1,0,0,SDCSVLANGL,PEPLIST,0.000265,29.56,0.087817,25.239,19333.95,
1,HLA-A*02:01,KPAYNINCR,KPAYNINCR,0,0,0,0,0,KPAYNINCR,PEPLIST,0.000262,29.68,0.01705,78.59,41576.93,
1,HLA-A*02:01,VCMVHIMIIT,VMVHIMIIT,0,1,1,0,0,VCMVHIMIIT,PEPLIST,0.000261,29.72,0.213928,9.469,4940.02,
1,HLA-A*02:01,INQFSACTET,IQFSACTET,0,1,1,0,0,INQFSACTET,PEPLIST,0.000257,29.88,0.140959,15.616,10879.47,
1,HLA-A*02:01,GQDPEWYDLS,GQDPEWYLS,0,7,1,0,0,GQDPEWYDLS,PEPLIST,0.000257,29.88,0.07147,30.505,23074.62,
1,HLA-A*02:01,KGDSFILWCI,KGDSILWCI,0,4,1,0,0,KGDSFILWCI,PEPLIST,0.000255,29.96,0.165072,13.074,8381.12,
1,HLA-A*02:01,IMVCYYWLR,IMVCYYWLR,0,0,0,0,0,IMVCYYWLR,PEPLIST,0.000253,30.045,0.236452,8.29,3871.59,
1,HLA-A*02:01,TRYDASGWIF,TRYDSGWIF,0,4,1,0,0,TRYDASGWIF,PEPLIST,0.000252,30.091,0.05761,36.651,26807.88,
1,HLA-A*02:01,FGFYHFTGH,FGFYHFTGH,0,0,0,0,0,FGFYHFTGH,PEPLIST,0.000246,30.364,0.070547,30.843,23306.22,
1,HLA-A*02:01,ITTHDSKQKM,ITHDSKQKM,0,1,1,0,0,ITTHDSKQKM,PEPLIST,0.000239,30.682,0.027772,62.116,37022.88,
1,HLA-A*02:01,KGVHLPHCY,KGVHLPHCY,0,0,0,0,0,KGVHLPHCY,PEPLIST,0.000233,30.955,0.023485,68.098,38780.61,
1,HLA-A*02:01,MLVHTKEIKQ,MLVHTEIKQ,0,5,1,0,0,MLVHTKEIKQ,PEPLIST,0.000232,31,0.066206,32.61,24427,
1,HLA-A*02:01,HHYRQPSGK,HHYRQPSGK,0,0,0,0,0,HHYRQPSGK,PEPLIST,0.000229,31.15,0.02081,72.274,39919.44,
1,HLA-A*02:01,TGKQSSTWHL,TGQSSTWHL,0,2,1,0,0,TGKQSSTWHL,PEPLIST,0.000228,31.2,0.052123,39.738,28447.59,
1,HLA-A*02:01,MSVKTQWIY,MSVKTQWIY,0,0,0,0,0,MSVKTQWIY,PEPLIST,0.000227,31.25,0.076863,28.596,21766.73,
1,HLA-A*02:01,FCWIEATFS,FCWIEATFS,0,0,0,0,0,FCWIEATFS,PEPLIST,0.00022,31.6,0.089054,24.897,19076.91,
1,HLA-A*02:01,SCICAVAHTS,SICAVAHTS,0,1,1,0,0,SCICAVAHTS,PEPLIST,0.000219,31.65,0.097278,22.854,17452.74,
1,HLA-A*02:01,CFNALSAIYV,CFNALSIYV,0,6,1,0,0,CFNALSAIYV,PEPLIST,0.000218,31.7,0.201411,10.259,5656.47,
1,HLA-A*02:01,SHQQAPAMY,SHQQAPAMY,0,0,0,0,0,SHQQAPAMY,PEPLIST,0.000218,31.7,0.018161,76.68,41080.15,
1,HLA-A*02:01,ARNALTFEAV,ANALTFEAV,0,1,1,0,0,ARNALTFEAV,PEPLIST,0.000218,31.7,0.120388,18.522,13591.59,
1,HLA-A*02:01,YYYSQHHHQ,YYYSQHHHQ,0,0,0,0,0,YYYSQHHHQ,PEPLIST,0.000217,31.75,0.033973,54.68,34620.39,
1,HLA-A*02:01,IFCPYASSSF,IFCPASSSF,0,4,1,0,0,IFCPYASSSF,PEPLIST,0.000215,31.85,0.063881,33.614,25049.28,
1,HLA-A*02:01,IFAAECMNF,IFAAECMNF,0,0,0,0,0,IFAAECMNF,PEPLIST,0.000215,31.85,0.07685,28.6,21769.79,
1,HLA-A*02:01,DFEEPDFAW,DFEEPDFAW,0,0,0,0,0,DFEEPDFAW,PEPLIST,0.000209,32.167,0.025014,65.825,38144.34,
1,HLA-A*02:01,RPFKTNAAT,RPFKTNAAT,0,0,0,0,0,RPFKTNAAT,PEPLIST,0.000206,32.333,0.043224,46.05,31322.89,
1,HLA-A*02:01,QFSAARVMA,QFSAARVMA,0,0,0,0,0,QFSAARVMA,PEPLIST,0.000205,32.389,0.061344,34.766,25746.38,
1,HLA-A*02:01,IPSTTHVAC,IPSTTHVAC,0,0,0,0,0,IPSTTHVAC,PEPLIST,0.000202,32.556,0.039632,49.156,32564.19,
1,HLA-A*02:01,APMNWPPVP,APMNWPPVP,0,0,0,0,0,APMNWPPVP,PEPLIST,0.000201,32.611,0.032044,56.883,35350.55,
1,HLA-A*02:01,PVICQFCQTV,PVICQFQTV,0,6,1,0,0,PVICQFCQTV,PEPLIST,0.0002,32.667,0.189488,11.052,6435.34,
1,HLA-A*02:01,HSVTKTAREI,HVTKTAREI,0,1,1,0,0,HSVTKTAREI,PEPLIST,0.000197,32.833,0.051535,40.113,28629.16,
1,HLA-A*02:01,KRSRSLWTCI,KRSRSLWTI,0,8,1,0,0,KRSRSLWTCI,PEPLIST,0.000195,32.944,0.08638,25.647,19636.9,
1,HLA-A*02:01,QIFFRTPRVN,QIFFRTPRV,0,0,0,0,0,QIFFRTPRV,PEPLIST,0.000195,32.944,0.09614,23.115,17668.96,
1,HLA-A*02:01,WRDEAICDF,WRDEAICDF,0,0,0,0,0,WRDEAICDF,PEPLIST,0.00019,33.25,0.047486,42.867,29911.26,
1,HLA-A*02:01,LTGLFGCIQM,LTLFGCIQM,0,2,1,0,0,LTGLFGCIQM,PEPLIST,0.00019,33.25,0.144293,15.214,10494.01,
1,HLA-A*02:01,GTAPKFEGCW,GTAPKFEGW,0,8,1,0,0,GTAPKFEGCW,PEPLIST,0.000189,33.312,0.035772,52.9,33953.02,
1,HLA-A*02:01,ITSLGLFMMF,ITSGLFMMF,0,3,1,0,0,ITSLGLFMMF,PEPLIST,0.000184,33.625,0.122589,18.165,13271.74,
1,HLA-A*02:01,SCWWEMSALW,SWWEMSALW,0,1,1,0,0,SCWWEMSALW,PEPLIST,0.000184,33.625,0.098231,22.645,17273.7,
1,HLA-A*02:01,HFAAEWPSK,HFAAEWPSK,0,0,0,0,0,HFAAEWPSK,PEPLIST,0.000183,33.688,0.034285,54.371,34503.71,
1,HLA-A*02:01,VCIWTSLGGT,VIWTSLGGT,0,1,1,0,0,VCIWTSLGGT,PEPLIST,0.000182,33.75,0.135742,16.273,11511.25,
1,HLA-A*02:01,VDYSLHPLYY,VDYSHPLYY,0,4,1,0,0,VDYSLHPLYY,PEPLIST,0.000181,33.812,0.042476,46.694,31577.41,
1,HLA-A*02:01,GVPTKATNSK,GVPTKATSK,0,7,1,0,0,GVPTKATNSK,PEPLIST,0.000181,33.812,0.02245,69.636,39217.35,
1,HLA-A*02:01,CWLPCGQRI,CWLPCGQRI,0,0,0,0,0,CWLPCGQRI,PEPLIST,0.000181,33.812,0.082668,26.731,20441.63,
1,HLA-A*02:01,IDFCNKGEAI,IDFNKGEAI,0,3,1,0,0,IDFCNKGEAI,PEPLIST,0.000181,33.812,0.069688,31.177,23523.83,
1,HLA-A*02:01,VFEYPGHGPF,VFEYPGHGF,0,8,1,0,0,VFEYPGHGPF,PEPLIST,0.00018,33.875,0.055646,37.718,27383.63,
1,HLA-A*02:01,RGQFLMISP,RGQFLMISP,0,0,0,0,0,RGQFLMISP,PEPLIST,0.000179,33.938,0.050441,40.845,28970.04,
1,HLA-A*02:01,TTLWCYQDQY,TLWCYQDQY,0,1,1,0,0,TTLWCYQDQY,PEPLIST,0.000177,34.071,0.102731,21.681,16452.81,
1,HLA-A*02:01,FQGLRDCFAY,FQLRDCFAY,0,2,1,0,0,FQGLRDCFAY,PEPLIST,0.000173,34.357,0.120551,18.496,13567.65,
1,HLA-A*02:01,GLQHYLQMEG,GLQHYLMEG,0,6,1,0,0,GLQHYLQMEG,PEPLIST,0.000169,34.643,0.143741,15.28,10556.87,
1,HLA-A*02:01,MFNRMVEIAI,MFNMVEIAI,0,3,1,0,0,MFNRMVEIAI,PEPLIST,0.000165,34.929,0.186919,11.258,6616.73,
1,HLA-A*02:01,SGFGEVTGE,SGFGEVTGE,0,0,0,0,0,SGFGEVTGE,PEPLIST,0.000165,34.929,0.037302,51.387,33395.58,
1,HLA-A*02:01,AHLNGCEQY,AHLNGCEQY,0,0,0,0,0,AHLNGCEQY,PEPLIST,0.000164,35,0.022167,70.062,39337.59,
1,HLA-A*02:01,RDYGIIPKLN,RDYGIIPKL,0,0,0,0,0,RDYGIIPKL,PEPLIST,0.00016,35.308,0.034202,54.453,34534.72,
1,HLA-A*02:01,NGSDNKMHHC,NSDNKMHHC,0,1,1,0,0,NGSDNKMHHC,PEPLIST,0.000157,35.538,0.024885,66.017,38197.61,
1,HLA-A*02:01,KQTSRQYENC,KQTSRQYEC,0,8,1,0,0,KQTSRQYENC,PEPLIST,0.000156,35.615,0.043748,45.648,31145.79,
1,HLA-A*02:01,TKYKWIMWK,TKYKWIMWK,0,0,0,0,0,TKYKWIMWK,PEPLIST,0.000155,35.692,0.052613,39.433,28297.17,
1,HLA-A*02:01,YTSIWIHIYY,YTSIWIHYY,0,7,1,0,0,YTSIWIHIYY,PEPLIST,0.000153,35.846,0.121372,18.363,13447.66,
1,HLA-A*02:01,CMCRSLDYW,CMCRSLDYW,0,0,0,0,0,CMCRSLDYW,PEPLIST,0.000152,35.923,0.115327,19.345,14356.61,
1,HLA-A*02:01,RCDPLGQLQ,RCDPLGQLQ,0,0,0,0,0,RCDPLGQLQ,PEPLIST,0.000151,36,0.020448,72.864,40076.11,
1,HLA-A*02:01,GYKYTALITC,GYYTALITC,0,2,1,0,0,GYKYTALITC,PEPLIST,0.000149,36.167,0.053099,39.129,28148.78,
1,HLA-A*02:01,HEWPRDNGAF,HEWPRDNGF,0,8,1,0,0,HEWPRDNGAF,PEPLIST,0.000147,36.333,0.025846,64.637,37802.49,
1,HLA-A*02:01,NFKFDCIVAT,NFFDCIVAT,0,2,1,0,0,NFKFDCIVAT,PEPLIST,0.000146,36.417,0.120657,18.479,13552.1,
1,HLA-A*02:01,YSKRIMMHKL,YSKRIMHKL,0,5,1,0,0,YSKRIMMHKL,PEPLIST,0.000146,36.417,0.07384,29.648,22490.44,
1,HLA-A*02:01,RHCDGTRSC,RHCDGTRSC,0,0,0,0,0,RHCDGTRSC,PEPLIST,0.000145,36.5,0.024317,66.861,38433.07,
1,HLA-A*02:01,QGRGKKTTI,QGRGKKTTI,0,0,0,0,0,QGRGKKTTI,PEPLIST,0.000145,36.5,0.015141,81.983,42444.64,
1,HLA-A*02:01,AHTITNFYW,AHTITNFYW,0,0,0,0,0,AHTITNFYW,PEPLIST,0.000145,36.5,0.040015,48.81,32429.54,
1,HLA-A*02:01,TIKDGCYRNK,TIKDGYRNK,0,5,1,0,0,TIKDGCYRNK,PEPLIST,0.000144,36.583,0.033993,54.66,34612.89,
1,HLA-A*02:01,LMRCTQSIKY,LMCTQSIKY,0,2,1,0,0,LMRCTQSIKY,PEPLIST,0.000144,36.583,0.073522,29.761,22567.97,
1,HLA-A*02:01,TLINKRQTN,TLINKRQTN,0,0,0,0,0,TLINKRQTN,PEPLIST,0.000144,36.583,0.032255,56.636,35269.94,
1,HLA-A*02:01,PFMNPKRPIA,FMNPKRPIA,1,0,0,0,0,FMNPKRPIA,PEPLIST,0.000144,36.583,0.083137,26.592,20338.17,
1,HLA-A*02:01,ISEELHPRHY,ISEELHPHY,0,7,1,0,0,ISEELHPRHY,PEPLIST,0.000144,36.583,0.022401,69.709,39238.15,
1,HLA-A*02:01,ACEPQSMWMY,ACEPQSWMY,0,6,1,0,0,ACEPQSMWMY,PEPLIST,0.000143,36.667,0.031514,57.505,35553.86,
1,HLA-A*02:01,AEGNFYDLI,AEGNFYDLI,0,0,0,0,0,AEGNFYDLI,PEPLIST,0.00014,36.917,0.063433,33.815,25170.99,
1,HLA-A*02:01,YAYCHPECAP,YAYHPECAP,0,3,1,0,0,YAYCHPECAP,PEPLIST,0.000139,37,0.0988,22.52,17167.69,
1,HLA-A*02:01,CRCDFTSRLL,CCDFTSRLL,0,1,1,0,0,CRCDFTSRLL,PEPLIST,0.000138,37.1,0.078501,28.044,21384.36,
1,HLA-A*02:01,YSYIMPANWT,YSYMPANWT,0,3,1,0,0,YSYIMPANWT,PEPLIST,0.000137,37.2,0.132542,16.705,11916.78,
1,HLA-A*02:01,ACVGSLKMFT,AVGSLKMFT,0,1,1,0,0,ACVGSLKMFT,PEPLIST,0.000136,37.3,0.085096,26.013,19911.61,
1,HLA-A*02:01,WVDTGFYPMK,WVDTGFPMK,0,6,1,0,0,WVDTGFYPMK,PEPLIST,0.000134,37.5,0.133933,16.517,11738.78,
1,HLA-A*02:01,QRKWHNHWTR,QRWHNHWTR,0,2,1,0,0,QRKWHNHWTR,PEPLIST,0.000134,37.5,0.04213,46.992,31695.85,
1,HLA-A*02:01,GKHPTGMGI,GKHPTGMGI,0,0,0,0,0,GKHPTGMGI,PEPLIST,0.000133,37.6,0.029366,60.029,36389.82,
1,HLA-A*02:01,TVEMAQIGP,TVEMAQIGP,0,0,0,0,0,TVEMAQIGP,PEPLIST,0.000131,37.8,0.034379,54.278,34468.64,
1,HLA-A*02:01,HMNASMLEFE,HMNASMLEE,0,8,1,0,0,HMNASMLEFE,PEPLIST,0.000131,37.8,0.133859,16.527,11748.18,
1,HLA-A*02:01,MQHVCCKLRM,MQHVCKLRM,0,4,1,0,0,MQHVCCKLRM,PEPLIST,0.00013,37.9,0.160906,13.481,8767.53,
1,HLA-A*02:01,IPMKKRFFT,IPMKKRFFT,0,0,0,0,0,IPMKKRFFT,PEPLIST,0.000128,38.1,0.054024,38.604,27868.46,
1,HLA-A*02:01,ITFDNHPLKN,ITFDHPLKN,0,4,1,0,0,ITFDNHPLKN,PEPLIST,0.000126,38.3,0.04026,48.591,32343.68,
1,HLA-A*02:01,EKWTPFIKMA,EKWTPFIKA,0,8,1,0,0,EKWTPFIKMA,PEPLIST,0.000126,38.3,0.036925,51.76,33532.08,
1,HLA-A*02:01,TYKFEPHRC,TYKFEPHRC,0,0,0,0,0,TYKFEPHRC,PEPLIST,0.000126,38.3,0.016258,79.952,41934.76,
1,HLA-A*02:01,KTMGMEQIFE,KTMGEQIFE,0,4,1,0,0,KTMGMEQIFE,PEPLIST,0.000123,38.6,0.08765,25.286,19368.91,
1,HLA-A*02:01,IEIQPNSRHP,IIQPNSRHP,0,1,1,0,0,IEIQPNSRHP,PEPLIST,0.000123,38.6,0.023539,68.017,38757.96,
1,HLA-A*02:01,SFCWRAVPER,SFWRAVPER,0,2,1,0,0,SFCWRAVPER,PEPLIST,0.000122,38.7,0.055241,37.935,27503.9,
1,HLA-A*02:01,QNRGMTIPNL,QRGMTIPNL,0,1,1,0,0,QNRGMTIPNL,PEPLIST,0.000122,38.7,0.049769,41.294,29181.46,
1,HLA-A*02:01,SFAGCLQLS,SFAGCLQLS,0,0,0,0,0,SFAGCLQLS,PEPLIST,0.000122,38.7,0.073129,29.901,22664.13,
1,HLA-A*02:01,EYMCPHNWPP,EMCPHNWPP,0,1,1,0,0,EYMCPHNWPP,PEPLIST,0.000121,38.8,0.184733,11.434,6775.09,
1,HLA-A*02:01,WFVTSGTLCA,WVTSGTLCA,0,1,1,0,0,WFVTSGTLCA,PEPLIST,0.000121,38.8,0.115805,19.268,14282.55,
1,HLA-A*02:01,SDYVGYNWYC,SDYGYNWYC,0,3,1,0,0,SDYVGYNWYC,PEPLIST,0.00012,38.9,0.085903,25.783,19738.51,
1,HLA-A*02:01,MISHREFRTY,MISHREFTY,0,7,1,0,0,MISHREFRTY,PEPLIST,0.000119,39,0.070676,30.795,23273.72,
1,HLA-A*02:01,KKRDREESRL,KRDREESRL,0,1,1,0,0,KKRDREESRL,PEPLIST,0.000117,39.222,0.017238,78.267,41492.45,
1,HLA-A*02:01,EWTILGGADL,ETILGGADL,0,1,1,0,0,EWTILGGADL,PEPLIST,0.000117,39.222,0.064027,33.549,25009.73,
1,HLA-A*02:01,TDWIMQHMFL,TWIMQHMFL,0,1,1,0,0,TDWIMQHMFL,PEPLIST,0.000114,39.556,0.099382,22.393,17059.92,
1,HLA-A*02:01,RRLIKGKVV,RRLIKGKVV,0,0,0,0,0,RRLIKGKVV,PEPLIST,0.000114,39.556,0.029342,60.06,36399.29,
1,HLA-A*02:01,SCDSLGLCAY,SCDSLGLAY,0,7,1,0,0,SCDSLGLCAY,PEPLIST,0.000113,39.667,0.03864,50.063,32915.59,
1,HLA-A*02:01,HGYWHNRWTR,HYWHNRWTR,0,1,1,0,0,HGYWHNRWTR,PEPLIST,0.000112,39.778,0.074255,29.501,22389.69,
1,HLA-A*02:01,HYTDYAGEYR,HTDYAGEYR,0,1,1,0,0,HYTDYAGEYR,PEPLIST,0.000111,39.889,0.042806,46.41,31464.86,
1,HLA-A*02:01,WIHRVDFFK,WIHRVDFFK,0,0,0,0,0,WIHRVDFFK,PEPLIST,0.000111,39.889,0.104147,21.391,16202.66,
1,HLA-A*02:01,RGTGAKLFR,RGTGAKLFR,0,0,0,0,0,RGTGAKLFR,PEPLIST,0.00011,40,0.02558,64.986,37911.45,
1,HLA-A*02:01,TECFNMLFGM,TCFNMLFGM,0,1,1,0,0,TECFNMLFGM,PEPLIST,0.00011,40,0.141956,15.495,10762.75,
1,HLA-A*02:01,QSSDGECTK,QSSDGECTK,0,0,0,0,0,QSSDGECTK,PEPLIST,0.000108,40.25,0.021325,71.435,39697.62,
1,HLA-A*02:01,KSGKEAQHGY,KSKEAQHGY,0,2,1,0,0,KSGKEAQHGY,PEPLIST,0.000108,40.25,0.019911,73.74,40309.63,
1,HLA-A*02:01,KTHAPRWLDT,KTHAPRWLT,0,8,1,0,0,KTHAPRWLDT,PEPLIST,0.000107,40.375,0.060641,35.094,25942.98,
1,HLA-A*02:01,GGCEVEMKPM,GGCEVEMKM,0,8,1,0,0,GGCEVEMKPM,PEPLIST,0.000106,40.5,0.075262,29.143,22147.06,
1,HLA-A*02:01,TMALASYASH,TMALASASH,0,6,1,0,0,TMALASYASH,PEPLIST,0.000106,40.5,0.099222,22.428,17089.48,
1,HLA-A*02:01,DLLAISARKY,DLLAISAKY,0,7,1,0,0,DLLAISARKY,PEPLIST,0.000106,40.5,0.041395,47.605,31948.91,
1,HLA-A*02:01,LHEAKTCQF,LHEAKTCQF,0,0,0,0,0,LHEAKTCQF,PEPLIST,0.000104,40.75,0.022263,69.914,39296.77,
1,HLA-A*02:01,AADSKKTKE,AADSKKTKE,0,0,0,0,0,AADSKKTKE,PEPLIST,0.000102,41,0.011567,88.424,44118.12,
1,HLA-A*02:01,GHCGPHIIPK,GHCGPIIPK,0,5,1,0,0,GHCGPHIIPK,PEPLIST,0.000101,41.143,0.036725,51.957,33604.73,
1,HLA-A*02:01,TSMAIYVKWT,TMAIYVKWT,0,1,1,0,0,TSMAIYVKWT,PEPLIST,0.0001,41.286,0.145434,15.076,10365.25,
1,HLA-A*02:01,PEITPMHQFV,PITPMHQFV,0,1,1,0,0,PEITPMHQFV,PEPLIST,0.0001,41.286,0.068682,31.593,23781.28,
1,HLA-A*02:01,YPARILVAEW,YPARILVEW,0,7,1,0,0,YPARILVAEW,PEPLIST,0.000099,41.429,0.046493,43.568,30234.36,
1,HLA-A*02:01,FARGIIACQP,FARGIIAQP,0,7,1,0,0,FARGIIACQP,PEPLIST,0.000099,41.429,0.054808,38.172,27633.05,
1,HLA-A*02:01,YPTDIPKMWK,YTDIPKMWK,0,1,1,0,0,YPTDIPKMWK,PEPLIST,0.000099,41.429,0.042862,46.362,31445.81,
1,HLA-A*02:01,VKYAFEPATF,VYAFEPATF,0,1,1,0,0,VKYAFEPATF,PEPLIST,0.000098,41.571,0.037356,51.333,33376.07,
1,HLA-A*02:01,DTGRSINSPL,DTGRSINSL,0,8,1,0,0,DTGRSINSPL,PEPLIST,0.000097,41.714,0.055084,38.02,27550.66,
1,HLA-A*02:01,SMQPNESSPG,SMQPNESSG,0,8,1,0,0,SMQPNESSPG,PEPLIST,0.000097,41.714,0.08086,27.287,20845.45,
1,HLA-A*02:01,KPKNKDCMV,KPKNKDCMV,0,0,0,0,0,KPKNKDCMV,PEPLIST,0.000096,41.857,0.023989,67.348,38569.7,
1,HLA-A*02:01,TMQSRGMTN,TMQSRGMTN,0,0,0,0,0,TMQSRGMTN,PEPLIST,0.000095,42,0.045847,44.027,30446.43,
1,HLA-A*02:01,HQVNMFAGHR,HQVNMFAHR,0,7,1,0,0,HQVNMFAGHR,PEPLIST,0.000094,42.167,0.066548,32.47,24336.77,
1,HLA-A*02:01,VCMRMPADF,VCMRMPADF,0,0,0,0,0,VCMRMPADF,PEPLIST,0.000093,42.333,0.041657,47.387,31858.49,
1,HLA-A*02:01,LDQRGKNQHM,LQRGKNQHM,0,1,1,0,0,LDQRGKNQHM,PEPLIST,0.000093,42.333,0.020134,73.376,40212.5,
1,HLA-A*02:01,KAVFRTAFTQ,KVFRTAFTQ,0,1,1,0,0,KAVFRTAFTQ,PEPLIST,0.000092,42.5,0.064884,33.165,24778.9,
1,HLA-A*02:01,TSYNWHAPW,TSYNWHAPW,0,0,0,0,0,TSYNWHAPW,PEPLIST,0.000092,42.5,0.069565,31.228,23555.17,
1,HLA-A*02:01,YDEDTGIICT,YEDTGIICT,0,1,1,0,0,YDEDTGIICT,PEPLIST,0.000091,42.667,0.028947,60.577,36555.18,
1,HLA-A*02:01,THIHHLMHP,THIHHLMHP,0,0,0,0,0,THIHHLMHP,PEPLIST,0.000091,42.667,0.028698,60.903,36653.79,
1,HLA-A*02:01,KHDLQDRTDY,KHDQDRTDY,0,3,1,0,0,KHDLQDRTDY,PEPLIST,0.00009,42.833,0.014031,84.004,42957.48,
1,HLA-A*02:01,EHDPCWHQQR,EHDPWHQQR,0,4,1,0,0,EHDPCWHQQR,PEPLIST,0.000089,43,0.016306,79.869,41912.99,
1,HLA-A*02:01,SYRTFIFNGL,SYRTFIFNL,0,8,1,0,0,SYRTFIFNGL,PEPLIST,0.000089,43,0.100888,22.063,16784.19,
1,HLA-A*02:01,CGNPAVVDCV,CGNPAVVCV,0,7,1,0,0,CGNPAVVDCV,PEPLIST,0.000085,43.571,0.081656,27.033,20666.69,
1,HLA-A*02:01,PQELTGEWL,PQELTGEWL,0,0,0,0,0,PQELTGEWL,PEPLIST,0.000085,43.571,0.038518,50.184,32959.07,
1,HLA-A*02:01,LASGIVPINS,LASGIVINS,0,6,1,0,0,LASGIVPINS,PEPLIST,0.000085,43.571,0.070636,30.81,23283.79,
1,HLA-A*02:01,SSSKCFRQRA,SSSKCFRQA,0,8,1,0,0,SSSKCFRQRA,PEPLIST,0.000085,43.571,0.060695,35.067,25927.82,
1,HLA-A*02:01,NNIATLGHSK,NIATLGHSK,0,1,1,0,0,NNIATLGHSK,PEPLIST,0.000085,43.571,0.030504,58.69,35944.52,
1,HLA-A*02:01,LRSDRFWGYI,LRSDRFWYI,0,7,1,0,0,LRSDRFWGYI,PEPLIST,0.000084,43.714,0.116741,19.115,14138.64,
1,HLA-A*02:01,MKETFPLAKY,MKETFPLKY,0,7,1,0,0,MKETFPLAKY,PEPLIST,0.000082,44,0.029237,60.198,36440.67,
1,HLA-A*02:01,CPIAGDRRAA,CIAGDRRAA,0,1,1,0,0,CPIAGDRRAA,PEPLIST,0.000081,44.2,0.052696,39.381,28271.78,
1,HLA-A*02:01,ETNSFYDITR,ETNSFDITR,0,5,1,0,0,ETNSFYDITR,PEPLIST,0.000081,44.2,0.036427,52.252,33713.24,
1,HLA-A*02:01,MEYFQHLPPR,MYFQHLPPR,0,1,1,0,0,MEYFQHLPPR,PEPLIST,0.00008,44.4,0.070286,30.938,23372.13,
1,HLA-A*02:01,ASTILDTDF,ASTILDTDF,0,0,0,0,0,ASTILDTDF,PEPLIST,0.00008,44.4,0.031691,57.298,35485.82,
1,HLA-A*02:01,AHKDLFDPAW,AHKDLDPAW,0,5,1,0,0,AHKDLFDPAW,PEPLIST,0.000079,44.6,0.026516,63.76,37529.43,
1,HLA-A*02:01,TWHLSEFCSA,TWLSEFCSA,0,2,1,0,0,TWHLSEFCSA,PEPLIST,0.000079,44.6,0.089885,24.681,18906.15,
1,HLA-A*02:01,TSFMCLTHK,TSFMCLTHK,0,0,0,0,0,TSFMCLTHK,PEPLIST,0.000077,45,0.066454,32.509,24361.54,
1,HLA-A*02:01,LPGDQDPTYR,LGDQDPTYR,0,1,1,0,0,LPGDQDPTYR,PEPLIST,0.000076,45.167,0.014944,82.342,42535.2,
1,HLA-A*02:01,GKNDHLNWHR,GKNDHLWHR,0,6,1,0,0,GKNDHLNWHR,PEPLIST,0.000076,45.167,0.025133,65.648,38095.24,
1,HLA-A*02:01,QTLATCSERK,QLATCSERK,0,1,1,0,0,QTLATCSERK,PEPLIST,0.000075,45.333,0.045498,44.3,30561.61,
1,HLA-A*02:01,EWSIDECLEC,ESIDECLEC,0,1,1,0,0,EWSIDECLEC,PEPLIST,0.000074,45.5,0.0434,45.911,31263.29,
1,HLA-A*02:01,QPTWTESWCF,QTWTESWCF,0,1,1,0,0,QPTWTESWCF,PEPLIST,0.000074,45.5,0.066165,32.627,24437.84,
1,HLA-A*02:01,LDAMNLPSCA,LAMNLPSCA,0,1,1,0,0,LDAMNLPSCA,PEPLIST,0.000073,45.667,0.09645,23.039,17609.8,
1,HLA-A*02:01,CRWWCKMPHA,RWWCKMPHA,1,0,0,0,0,RWWCKMPHA,PEPLIST,0.000072,45.833,0.110274,20.197,15163.37,
1,HLA-A*02:01,FQCNQFGHE,FQCNQFGHE,0,0,0,0,0,FQCNQFGHE,PEPLIST,0.000072,45.833,0.069789,31.136,23498.15,
1,HLA-A*02:01,QTHFDTFFDK,QTFDTFFDK,0,2,1,0,0,QTHFDTFFDK,PEPLIST,0.000072,45.833,0.058018,36.424,26689.8,
1,HLA-A*02:01,SHWTWLRDMA,SHWTWLRMA,0,7,1,0,0,SHWTWLRDMA,PEPLIST,0.000072,45.833,0.084787,26.104,19978.29,
1,HLA-A*02:01,PLAHGGCKTK,PLAGGCKTK,0,3,1,0,0,PLAHGGCKTK,PEPLIST,0.000071,46,0.030416,58.794,35978.75,
1,HLA-A*02:01,AFDCSCTGNI,AFDSCTGNI,0,3,1,0,0,AFDCSCTGNI,PEPLIST,0.00007,46.2,0.108752,20.487,15415.14,
1,HLA-A*02:01,MIDYAAPEFD,MIDYAAPEF,0,0,0,0,0,MIDYAAPEF,PEPLIST,0.000069,46.4,0.113675,19.615,14615.53,
1,HLA-A*02:01,GTNIQMRITK,GTIQMRITK,0,2,1,0,0,GTNIQMRITK,PEPLIST,0.000069,46.4,0.033663,54.986,34736.71,
1,HLA-A*02:01,IGQKNIFAFR,IQKNIFAFR,0,1,1,0,0,IGQKNIFAFR,PEPLIST,0.000068,46.6,0.060663,35.083,25936.8,
1,HLA-A*02:01,SRATTLFTLW,SRATTLFTL,0,0,0,0,0,SRATTLFTL,PEPLIST,0.000067,46.8,0.070856,30.73,23228.43,
1,HLA-A*02:01,QAEWSKENVY,QAWSKENVY,0,2,1,0,0,QAEWSKENVY,PEPLIST,0.000067,46.8,0.022091,70.186,39369.98,
1,HLA-A*02:01,YSAPHHLWIN,YSAPHHLWI,0,0,0,0,0,YSAPHHLWI,PEPLIST,0.000067,46.8,0.087733,25.263,19351.52,
1,HLA-A*02:01,ERLWNIPNPG,ELWNIPNPG,0,1,1,0,0,ERLWNIPNPG,PEPLIST,0.000067,46.8,0.138802,15.876,11136.37,
1,HLA-A*02:01,MSHLHTFNHP,MSLHTFNHP,0,2,1,0,0,MSHLHTFNHP,PEPLIST,0.000066,47,0.072624,30.082,22788.31,
1,HLA-A*02:01,MYYMHHRCM,MYYMHHRCM,0,0,0,0,0,MYYMHHRCM,PEPLIST,0.000066,47,0.054453,38.368,27739.39,
1,HLA-A*02:01,PHDVPAKQI,PHDVPAKQI,0,0,0,0,0,PHDVPAKQI,PEPLIST,0.000065,47.25,0.012661,86.47,43598.99,
1,HLA-A*02:01,FEYECNACAY,FEYECNAAY,0,7,1,0,0,FEYECNACAY,PEPLIST,0.000065,47.25,0.072756,30.034,22755.78,
1,HLA-A*02:01,SPKTRNLFR,SPKTRNLFR,0,0,0,0,0,SPKTRNLFR,PEPLIST,0.000064,47.5,0.014351,83.421,42809,
1,HLA-A*02:01,RPQYTMQMK,RPQYTMQMK,0,0,0,0,0,RPQYTMQMK,PEPLIST,0.000064,47.5,0.017735,77.412,41269.93,
1,HLA-A*02:01,EVYNRKGFAH,EVYNKGFAH,0,4,1,0,0,EVYNRKGFAH,PEPLIST,0.000063,47.75,0.024828,66.101,38221.16,
1,HLA-A*02:01,FPEFGRATNT,FPFGRATNT,0,2,1,0,0,FPEFGRATNT,PEPLIST,0.000063,47.75,0.043774,45.628,31137.04,
1,HLA-A*02:01,FSRIRLAEHC,FSRIRLAEC,0,8,1,0,0,FSRIRLAEHC,PEPLIST,0.000062,48,0.056949,37.017,27000.28,
1,HLA-A*02:01,EAPNWGDFW,EAPNWGDFW,0,0,0,0,0,EAPNWGDFW,PEPLIST,0.000062,48,0.021027,71.92,39825.81,
1,HLA-A*02:01,ANYDDFASGH,ANYDDFASH,0,8,1,0,0,ANYDDFASGH,PEPLIST,0.000061,48.2,0.022605,69.405,39151.62,
1,HLA-A*02:01,EKDAIWLKYL,EKDAILKYL,0,5,1,0,0,EKDAIWLKYL,PEPLIST,0.000061,48.2,0.049323,41.591,29322.61,
1,HLA-A*02:01,ANIVFHRWTS,AIVFHRWTS,0,1,1,0,0,ANIVFHRWTS,PEPLIST,0.00006,48.4,0.089973,24.658,18888.16,
1,HLA-A*02:01,LGNYSGGAQP,LGYSGGAQP,0,2,1,0,0,LGNYSGGAQP,PEPLIST,0.00006,48.4,0.033078,55.67,34957.26,
1,HLA-A*02:01,DLMSWCSIE,DLMSWCSIE,0,0,0,0,0,DLMSWCSIE,PEPLIST,0.00006,48.4,0.080855,27.289,20846.58,
1,HLA-A*02:01,SRDIAKCTEY,SRDIAKTEY,0,6,1,0,0,SRDIAKCTEY,PEPLIST,0.000059,48.6,0.022909,68.954,39023.06,
1,HLA-A*02:01,NQVRAILFCK,NQVRAILFK,0,8,1,0,0,NQVRAILFCK,PEPLIST,0.000059,48.6,0.07729,28.452,21666.39,
1,HLA-A*02:01,RGKLKWRKA,RGKLKWRKA,0,0,0,0,0,RGKLKWRKA,PEPLIST,0.000059,48.6,0.018781,75.614,40805.49,
1,HLA-A*02:01,VGHYDEDTWR,VGYDEDTWR,0,2,1,0,0,VGHYDEDTWR,PEPLIST,0.000058,48.8,0.026422,63.883,37567.62,
1,HLA-A*02:01,MCAVYEHPTT,MAVYEHPTT,0,1,1,0,0,MCAVYEHPTT,PEPLIST,0.000057,49,0.062293,34.332,25483.38,
1,HLA-A*02:01,GRAIKGMSHT,GAIKGMSHT,0,1,1,0,0,GRAIKGMSHT,PEPLIST,0.000057,49,0.03437,54.287,34471.99,
1,HLA-A*02:01,YHPVPYHIGP,YHPVPHIGP,0,5,1,0,0,YHPVPYHIGP,PEPLIST,0.000057,49,0.038484,50.218,32971.21,
1,HLA-A*02:01,GFTCWSEHFY,GTCWSEHFY,0,1,1,0,0,GFTCWSEHFY,PEPLIST,0.000057,49,0.071666,30.433,23025.74,
1,HLA-A*02:01,HSCMRLLQYY,HSMRLLQYY,0,2,1,0,0,HSCMRLLQYY,PEPLIST,0.000056,49.25,0.057405,36.764,26867.4,
1,HLA-A*02:01,ATGMGCMFWP,ATMGCMFWP,0,2,1,0,0,ATGMGCMFWP,PEPLIST,0.000056,49.25,0.131948,16.785,11993.62,
1,HLA-A*02:01,LSRHPHFIES,LSHPHFIES,0,2,1,0,0,LSRHPHFIES,PEPLIST,0.000056,49.25,0.048069,42.454,29723.18,
1,HLA-A*02:01,KDLLENSWI,KDLLENSWI,0,0,0,0,0,KDLLENSWI,PEPLIST,0.000056,49.25,0.04377,45.631,31138.38,
1,HLA-A*02:01,FAKKETGLH,FAKKETGLH,0,0,0,0,0,FAKKETGLH,PEPLIST,0.000056,49.25,0.019521,74.376,40480.09,
1,HLA-A*02:01,RTKWTYFQQE,RTWTYFQQE,0,2,1,0,0,RTKWTYFQQE,PEPLIST,0.000055,49.5,0.049302,41.605,29329.29,
1,HLA-A*02:01,DQDNFTMGYR,DQDNFTMYR,0,7,1,0,0,DQDNFTMGYR,PEPLIST,0.000055,49.5,0.033893,54.759,34650.37,
1,HLA-A*02:01,RYNYGNTCYC,RYYGNTCYC,0,2,1,0,0,RYNYGNTCYC,PEPLIST,0.000054,49.75,0.069705,31.17,23519.51,
1,HLA-A*02:01,ERYSVKLQGC,ERYSVKLQC,0,8,1,0,0,ERYSVKLQGC,PEPLIST,0.000053,50,0.023721,67.747,38681.73,
1,HLA-A*02:01,GIGFSSFRQ,GIGFSSFRQ,0,0,0,0,0,GIGFSSFRQ,PEPLIST,0.000052,50.333,0.038634,50.069,32917.74,
1,HLA-A*02:01,KHLFVLFEMG,KLFVLFEMG,0,1,1,0,0,KHLFVLFEMG,PEPLIST,0.000052,50.333,0.150927,14.49,9767.17,
1,HLA-A*02:01,NFFGPTYQPQ,NFFGPTYQQ,0,8,1,0,0,NFFGPTYQPQ,PEPLIST,0.000052,50.333,0.040859,48.055,32134.75,
1,HLA-A*02:01,THLESCRCTY,TLESCRCTY,0,1,1,0,0,THLESCRCTY,PEPLIST,0.000051,50.667,0.053659,38.806,27978.72,
1,HLA-A*02:01,WSLAWYNLLW,WLAWYNLLW,0,1,1,0,0,WSLAWYNLLW,PEPLIST,0.000051,50.667,0.137077,16.093,11346.17,
1,HLA-A*02:01,TPAEATYLRP,TPAEATLRP,0,6,1,0,0,TPAEATYLRP,PEPLIST,0.000051,50.667,0.024912,65.977,38186.45,
1,HLA-A*02:01,WLQWTRTSSD,WLWTRTSSD,0,2,1,0,0,WLQWTRTSSD,PEPLIST,0.00005,51,0.105927,21.027,15893.6,
1,HLA-A*02:01,GISYHEVHMN,GIYHEVHMN,0,2,1,0,0,GISYHEVHMN,PEPLIST,0.00005,51,0.043388,45.92,31267.35,
1,HLA-A*02:01,GTRKHLNATK,GTRKHLATK,0,6,1,0,0,GTRKHLNATK,PEPLIST,0.00005,51,0.027859,62.002,36988.06,
1,HLA-A*02:01,NPEIDKMRM,NPEIDKMRM,0,0,0,0,0,NPEIDKMRM,PEPLIST,0.000049,51.333,0.014598,82.972,42694.74,
1,HLA-A*02:01,HSMTAETWK,HSMTAETWK,0,0,0,0,0,HSMTAETWK,PEPLIST,0.000049,51.333,0.043691,45.691,31165.02,
1,HLA-A*02:01,CPYIMGTTRA,CPYIGTTRA,0,4,1,0,0,CPYIMGTTRA,PEPLIST,0.000049,51.333,0.059284,35.755,26326.7,
1,HLA-A*02:01,EPHEDQVAP,EPHEDQVAP,0,0,0,0,0,EPHEDQVAP,PEPLIST,0.000049,51.333,0.009473,91.993,45129.09,
1,HLA-A*02:01,DHVHCNIDNM,DVHCNIDNM,0,1,1,0,0,DHVHCNIDNM,PEPLIST,0.000049,51.333,0.043302,45.985,31296.46,
1,HLA-A*02:01,LSMKRDNNK,LSMKRDNNK,0,0,0,0,0,LSMKRDNNK,PEPLIST,0.000048,51.667,0.029302,60.113,36415.04,
1,HLA-A*02:01,HRLKIPKGH,HRLKIPKGH,0,0,0,0,0,HRLKIPKGH,PEPLIST,0.000048,51.667,0.007188,95.298,46258.73,
1,HLA-A*02:01,WFKNSKQHKA,WFNSKQHKA,0,2,1,0,0,WFKNSKQHKA,PEPLIST,0.000048,51.667,0.028302,61.422,36811.18,
1,HLA-A*02:01,HCPLACQCF,HCPLACQCF,0,0,0,0,0,HCPLACQCF,PEPLIST,0.000048,51.667,0.021132,71.749,39780.61,
1,HLA-A*02:01,HGNYVMTLH,HGNYVMTLH,0,0,0,0,0,HGNYVMTLH,PEPLIST,0.000048,51.667,0.023668,67.826,38703.91,
1,HLA-A*02:01,QSCAYFCLCA,QSAYFCLCA,0,2,1,0,0,QSCAYFCLCA,PEPLIST,0.000048,51.667,0.161484,13.425,8712.88,
1,HLA-A*02:01,HFRLFATIHP,HFLFATIHP,0,2,1,0,0,HFRLFATIHP,PEPLIST,0.000047,52,0.050213,40.998,29041.61,
1,HLA-A*02:01,KCVLYTWEQK,KVLYTWEQK,0,1,1,0,0,KCVLYTWEQK,PEPLIST,0.000046,52.333,0.041896,47.188,31776.21,
1,HLA-A*02:01,HPGFETCDI,HPGFETCDI,0,0,0,0,0,HPGFETCDI,PEPLIST,0.000046,52.333,0.033829,54.822,34674.38,
1,HLA-A*02:01,KATMEYVVSN,KTMEYVVSN,0,1,1,0,0,KATMEYVVSN,PEPLIST,0.000046,52.333,0.08356,26.467,20245.29,
1,HLA-A*02:01,FNYQAGCSHR,FNYQGCSHR,0,4,1,0,0,FNYQAGCSHR,PEPLIST,0.000045,52.667,0.049231,41.652,29351.82,
1,HLA-A*02:01,LTNLAVWNQ,LTNLAVWNQ,0,0,0,0,0,LTNLAVWNQ,PEPLIST,0.000045,52.667,0.051646,40.039,28594.8,
1,HLA-A*02:01,FPEVPSNSE,FPEVPSNSE,0,0,0,0,0,FPEVPSNSE,PEPLIST,0.000045,52.667,0.020555,72.69,40029.72,
1,HLA-A*02:01,KYAIFTDFIC,KAIFTDFIC,0,1,1,0,0,KYAIFTDFIC,PEPLIST,0.000044,53,0.084564,26.17,20026.56,
1,HLA-A*02:01,THSLRVFIAT,TSLRVFIAT,0,1,1,0,0,THSLRVFIAT,PEPLIST,0.000044,53,0.097218,22.867,17464.08,
1,HLA-A*02:01,EGAMNSTQW,EGAMNSTQW,0,0,0,0,0,EGAMNSTQW,PEPLIST,0.000044,53,0.014535,83.086,42723.86,
1,HLA-A*02:01,DRCQTGQKTL,DRCQTGQTL,0,7,1,0,0,DRCQTGQKTL,PEPLIST,0.000044,53,0.016182,80.087,41969.25,
1,HLA-A*02:01,MGTYEYFNW,MGTYEYFNW,0,0,0,0,0,MGTYEYFNW,PEPLIST,0.000043,53.333,0.057848,36.518,26738.93,
1,HLA-A*02:01,YEQKYAFYCT,YQKYAFYCT,0,1,1,0,0,YEQKYAFYCT,PEPLIST,0.000043,53.333,0.087562,25.311,19387.36,
1,HLA-A*02:01,IYVHQEFYH,IYVHQEFYH,0,0,0,0,0,IYVHQEFYH,PEPLIST,0.000043,53.333,0.02384,67.57,38631.94,
1,HLA-A*02:01,SNWTSPDTDC,SNWTSPDTC,0,8,1,0,0,SNWTSPDTDC,PEPLIST,0.000043,53.333,0.02658,63.676,37503.47,
1,HLA-A*02:01,FVLLRNKDIH,FLLRNKDIH,0,1,1,0,0,FVLLRNKDIH,PEPLIST,0.000042,53.667,0.038651,50.052,32911.69,
1,HLA-A*02:01,FPNKTGKLHC,FPNKTGLHC,0,6,1,0,0,FPNKTGKLHC,PEPLIST,0.000042,53.667,0.022437,69.655,39222.87,
1,HLA-A*02:01,GKCMDIHNDA,GCMDIHNDA,0,1,1,0,0,GKCMDIHNDA,PEPLIST,0.000042,53.667,0.034909,53.754,34271.54,
1,HLA-A*02:01,FHAVASNKTC,FAVASNKTC,0,1,1,0,0,FHAVASNKTC,PEPLIST,0.000041,54,0.035995,52.68,33871.2,
1,HLA-A*02:01,TPSEGIKERY,TPSEGIKEY,0,8,1,0,0,TPSEGIKERY,PEPLIST,0.000041,54,0.011519,88.51,44141.04,
1,HLA-A*02:01,HAWVIDDPEH,HAWVIDPEH,0,5,1,0,0,HAWVIDDPEH,PEPLIST,0.000041,54,0.024918,65.968,38183.96,
1,HLA-A*02:01,IWFAIWVGLT,IWFAWVGLT,0,4,1,0,0,IWFAIWVGLT,PEPLIST,0.00004,54.333,0.110315,20.189,15156.64,
1,HLA-A*02:01,YWKLKLDQNH,YWKLKLDQH,0,8,1,0,0,YWKLKLDQNH,PEPLIST,0.00004,54.333,0.014677,82.828,42658.27,
1,HLA-A*02:01,WGEPLKFQK,WGEPLKFQK,0,0,0,0,0,WGEPLKFQK,PEPLIST,0.00004,54.333,0.019484,74.436,40496.3,
1,HLA-A*02:01,CFIDTEFGRT,CFIDTEFRT,0,7,1,0,0,CFIDTEFGRT,PEPLIST,0.00004,54.333,0.081676,27.026,20662.22,
1,HLA-A*02:01,EGYIESIFHE,EYIESIFHE,0,1,1,0,0,EGYIESIFHE,PEPLIST,0.00004,54.333,0.030435,58.771,35971.35,
1,HLA-A*02:01,PSLPYRQEHY,SLPYRQEHY,1,0,0,0,0,SLPYRQEHY,PEPLIST,0.000039,54.667,0.024538,66.532,38341.29,
1,HLA-A*02:01,TTKRVGAVWR,TTKRVGAVR,0,8,1,0,0,TTKRVGAVWR,PEPLIST,0.000039,54.667,0.027363,62.651,37187.08,
1,HLA-A*02:01,YRTFQSRGIY,YTFQSRGIY,0,1,1,0,0,YRTFQSRGIY,PEPLIST,0.000039,54.667,0.042312,46.835,31633.49,
1,HLA-A*02:01,LISIAYLCSY,LIIAYLCSY,0,2,1,0,0,LISIAYLCSY,PEPLIST,0.000038,55,0.11437,19.501,14506.04,
1,HLA-A*02:01,LGAQHPPKPP,LAQHPPKPP,0,1,1,0,0,LGAQHPPKPP,PEPLIST,0.000038,55,0.022888,68.985,39031.92,
1,HLA-A*02:01,TRNLFTEPGF,TRLFTEPGF,0,2,1,0,0,TRNLFTEPGF,PEPLIST,0.000038,55,0.034497,54.161,34424.65,
1,HLA-A*02:01,TEWGCDWGH,TEWGCDWGH,0,0,0,0,0,TEWGCDWGH,PEPLIST,0.000038,55,0.032626,56.2,35128.66,
1,HLA-A*02:01,LAETRWDYKI,LAETWDYKI,0,4,1,0,0,LAETRWDYKI,PEPLIST,0.000037,55.455,0.083337,26.533,20294.2,
1,HLA-A*02:01,VHAYYWFTHT,VAYYWFTHT,0,1,1,0,0,VHAYYWFTHT,PEPLIST,0.000037,55.455,0.09602,23.144,17691.92,
1,HLA-A*02:01,TWHRWVREFP,TWHRWVREP,0,8,1,0,0,TWHRWVREFP,PEPLIST,0.000037,55.455,0.032239,56.655,35276.04,
1,HLA-A*02:01,CLCWTLMTRE,CLWTLMTRE,0,2,1,0,0,CLCWTLMTRE,PEPLIST,0.000037,55.455,0.136218,16.209,11452.11,
1,HLA-A*02:01,ETYYLTISGS,ETYYLTISS,0,8,1,0,0,ETYYLTISGS,PEPLIST,0.000037,55.455,0.060418,35.202,26005.64,
1,HLA-A*02:01,QMPEQWSCFQ,QMPEWSCFQ,0,4,1,0,0,QMPEQWSCFQ,PEPLIST,0.000037,55.455,0.070979,30.684,23197.53,
1,HLA-A*02:01,TNTHNKRANA,TTHNKRANA,0,1,1,0,0,TNTHNKRANA,PEPLIST,0.000037,55.455,0.022437,69.655,39222.87,
1,HLA-A*02:01,WGSVLLIQRI,WGSVLLIQI,0,8,1,0,0,WGSVLLIQRI,PEPLIST,0.000037,55.455,0.100051,22.246,16936.88,
1,HLA-A*02:01,AESFHYKEGR,ASFHYKEGR,0,1,1,0,0,AESFHYKEGR,PEPLIST,0.000036,55.909,0.030356,58.864,36002.12,
1,HLA-A*02:01,YAGCTEYDTC,YAGTEYDTC,0,3,1,0,0,YAGCTEYDTC,PEPLIST,0.000036,55.909,0.065432,32.926,24632.41,
1,HLA-A*02:01,QSSEVTTPDW,QSSEVTTDW,0,7,1,0,0,QSSEVTTPDW,PEPLIST,0.000036,55.909,0.033359,55.34,34851.15,
1,HLA-A*02:01,QNHDVIWFRY,QNHDVIFRY,0,6,1,0,0,QNHDVIWFRY,PEPLIST,0.000036,55.909,0.027228,62.828,37241.44,
1,HLA-A*02:01,EQRIFPYGHC,EQIFPYGHC,0,2,1,0,0,EQRIFPYGHC,PEPLIST,0.000036,55.909,0.035347,53.32,34109.52,
1,HLA-A*02:01,NHYCHYVFFA,NHYHYVFFA,0,3,1,0,0,NHYCHYVFFA,PEPLIST,0.000036,55.909,0.12473,17.833,12967.84,
1,HLA-A*02:01,GASCYVWWPT,GASCYVWPT,0,6,1,0,0,GASCYVWWPT,PEPLIST,0.000035,56.364,0.169005,12.732,8031.94,
1,HLA-A*02:01,KHACMTCGV,KHACMTCGV,0,0,0,0,0,KHACMTCGV,PEPLIST,0.000035,56.364,0.122241,18.222,13321.81,
1,HLA-A*02:01,KCGQKDQDM,KCGQKDQDM,0,0,0,0,0,KCGQKDQDM,PEPLIST,0.000035,56.364,0.01274,86.329,43561.72,
1,HLA-A*02:01,DLNVCTMMLR,DLNVTMMLR,0,4,1,0,0,DLNVCTMMLR,PEPLIST,0.000035,56.364,0.087791,25.246,19339.38,
1,HLA-A*02:01,KTGVKYGTWK,KTVKYGTWK,0,2,1,0,0,KTGVKYGTWK,PEPLIST,0.000035,56.364,0.038116,50.582,33102.76,
1,HLA-A*02:01,LQFMVCPPPQ,LQFMVPPPQ,0,5,1,0,0,LQFMVCPPPQ,PEPLIST,0.000035,56.364,0.101833,21.865,16613.45,
1,HLA-A*02:01,SQVCHINGGE,SQVHINGGE,0,3,1,0,0,SQVCHINGGE,PEPLIST,0.000034,56.818,0.05904,35.874,26396.28,
1,HLA-A*02:01,STRRFVPAIT,STRRFVPAT,0,8,1,0,0,STRRFVPAIT,PEPLIST,0.000034,56.818,0.056077,37.486,27256.23,
1,HLA-A*02:01,QQPCACKTT,QQPCACKTT,0,0,0,0,0,QQPCACKTT,PEPLIST,0.000034,56.818,0.042296,46.849,31638.97,
1,HLA-A*02:01,FRNSFFHNTW,FRNSFFHTW,0,7,1,0,0,FRNSFFHNTW,PEPLIST,0.000034,56.818,0.041114,47.839,32046.21,
1,HLA-A*02:01,FWYTKNDMVQ,FWYTKNDMV,0,0,0,0,0,FWYTKNDMV,PEPLIST,0.000034,56.818,0.056952,37.016,26999.41,
1,HLA-A*02:01,THAYRWPSGT,TAYRWPSGT,0,1,1,0,0,THAYRWPSGT,PEPLIST,0.000034,56.818,0.041674,47.373,31852.61,
1,HLA-A*02:01,DPAGPLERAP,DPAGPLEAP,0,7,1,0,0,DPAGPLERAP,PEPLIST,0.000034,56.818,0.010702,89.97,44532.96,
1,HLA-A*02:01,DQATQFEDT,DQATQFEDT,0,0,0,0,0,DQATQFEDT,PEPLIST,0.000034,56.818,0.02321,68.506,38896.18,
1,HLA-A*02:01,CVDIGCLPH,CVDIGCLPH,0,0,0,0,0,CVDIGCLPH,PEPLIST,0.000034,56.818,0.045182,44.548,30666.29,
1,HLA-A*02:01,CCSSAQFWW,CCSSAQFWW,0,0,0,0,0,CCSSAQFWW,PEPLIST,0.000033,57.273,0.038978,49.751,32795.45,
1,HLA-A*02:01,HAIRPKTKGS,HAIPKTKGS,0,3,1,0,0,HAIRPKTKGS,PEPLIST,0.000033,57.273,0.016787,79.042,41695.43,
1,HLA-A*02:01,FWEACPQPT,FWEACPQPT,0,0,0,0,0,FWEACPQPT,PEPLIST,0.000033,57.273,0.055126,37.997,27538.13,
1,HLA-A*02:01,ETGTMPGRPM,ETGTPGRPM,0,4,1,0,0,ETGTMPGRPM,PEPLIST,0.000033,57.273,0.03192,57.029,35398.01,
1,HLA-A*02:01,AHKDEEACLP,AHDEEACLP,0,2,1,0,0,AHKDEEACLP,PEPLIST,0.000032,57.727,0.015657,81.043,42208.33,
1,HLA-A*02:01,WEIFLLTKH,WEIFLLTKH,0,0,0,0,0,WEIFLLTKH,PEPLIST,0.000032,57.727,0.027319,62.709,37204.78,
1,HLA-A*02:01,AYFHSMYPDT,AYFHSMYPT,0,8,1,0,0,AYFHSMYPDT,PEPLIST,0.000032,57.727,0.088316,25.097,19229.84,
1,HLA-A*02:01,IKELPNNENK,IELPNNENK,0,1,1,0,0,IKELPNNENK,PEPLIST,0.000032,57.727,0.013877,84.284,43029.12,
1,HLA-A*02:01,GKVSNGTLIS,GVSNGTLIS,0,1,1,0,0,GKVSNGTLIS,PEPLIST,0.000032,57.727,0.033628,55.025,34749.86,
1,HLA-A*02:01,MEECTNGMPV,MEETNGMPV,0,3,1,0,0,MEECTNGMPV,PEPLIST,0.000032,57.727,0.117117,19.054,14081.24,
1,HLA-A*02:01,GNFRPVRTQ,GNFRPVRTQ,0,0,0,0,0,GNFRPVRTQ,PEPLIST,0.000032,57.727,0.013527,84.922,43192.38,
1,HLA-A*02:01,ESPALRGWWI,ESPALGWWI,0,5,1,0,0,ESPALRGWWI,PEPLIST,0.000031,58.182,0.067201,32.204,24165.43,
1,HLA-A*02:01,DTYDCDCWRS,DTYDDCWRS,0,4,1,0,0,DTYDCDCWRS,PEPLIST,0.000031,58.182,0.05419,38.513,27818.45,
1,HLA-A*02:01,CINRWDYQRF,CINRWDYQF,0,8,1,0,0,CINRWDYQRF,PEPLIST,0.00003,58.636,0.073398,29.805,22598.26,
1,HLA-A*02:01,DCLVKKHDI,DCLVKKHDI,0,0,0,0,0,DCLVKKHDI,PEPLIST,0.00003,58.636,0.01285,86.133,43509.92,
1,HLA-A*02:01,PHMEMWWRI,PHMEMWWRI,0,0,0,0,0,PHMEMWWRI,PEPLIST,0.00003,58.636,0.066471,32.502,24357.06,
1,HLA-A*02:01,QPFNYNLTHP,QPFNNLTHP,0,4,1,0,0,QPFNYNLTHP,PEPLIST,0.00003,58.636,0.028292,61.435,36815.16,
1,HLA-A*02:01,WACFIYQQW,WACFIYQQW,0,0,0,0,0,WACFIYQQW,PEPLIST,0.00003,58.636,0.04421,45.299,30990.49,
1,HLA-A*02:01,KAHQYATTCP,KAHQYATTP,0,8,1,0,0,KAHQYATTCP,PEPLIST,0.00003,58.636,0.026122,64.276,37689.78,
1,HLA-A*02:01,MFMNSLDKQ,MFMNSLDKQ,0,0,0,0,0,MFMNSLDKQ,PEPLIST,0.000029,59.091,0.036348,52.33,33742.09,
1,HLA-A*02:01,QNWMGTPSWP,QNWMGTPSP,0,8,1,0,0,QNWMGTPSWP,PEPLIST,0.000029,59.091,0.034749,53.912,34330.91,
1,HLA-A*02:01,IEDFKYPTKT,IEDFKPTKT,0,5,1,0,0,IEDFKYPTKT,PEPLIST,0.000029,59.091,0.023947,67.411,38587.25,
1,HLA-A*02:01,GHWADDNKHR,GHWDDNKHR,0,3,1,0,0,GHWADDNKHR,PEPLIST,0.000028,59.545,0.014998,82.243,42510.36,
1,HLA-A*02:01,IWWQTWTVDR,IWWQTTVDR,0,5,1,0,0,IWWQTWTVDR,PEPLIST,0.000028,59.545,0.040209,48.637,32361.54,
1,HLA-A*02:01,PRTAEAEDVM,RTAEAEDVM,1,0,0,0,0,RTAEAEDVM,PEPLIST,0.000028,59.545,0.037374,51.316,33369.57,
1,HLA-A*02:01,WVGARAGAW,WVGARAGAW,0,0,0,0,0,WVGARAGAW,PEPLIST,0.000028,59.545,0.043251,46.027,31313.74,
1,HLA-A*02:01,TERDTGKFR,TERDTGKFR,0,0,0,0,0,TERDTGKFR,PEPLIST,0.000028,59.545,0.011549,88.457,44126.72,
1,HLA-A*02:01,GPAPALSPSE,GAPALSPSE,0,1,1,0,0,GPAPALSPSE,PEPLIST,0.000028,59.545,0.022413,69.691,39233.04,
1,HLA-A*02:01,IAHSMYYMQC,IAHSYYMQC,0,4,1,0,0,IAHSMYYMQC,PEPLIST,0.000028,59.545,0.062554,34.213,25411.52,
1,HLA-A*02:01,GNDYSCKHTW,GNDYSKHTW,0,5,1,0,0,GNDYSCKHTW,PEPLIST,0.000028,59.545,0.018365,76.329,40989.56,
1,HLA-A*02:01,CPRDQQLER,CPRDQQLER,0,0,0,0,0,CPRDQQLER,PEPLIST,0.000028,59.545,0.013168,85.564,43360.48,
1,HLA-A*02:01,ESGRFMVWTM,ESGRFMVTM,0,7,1,0,0,ESGRFMVWTM,PEPLIST,0.000028,59.545,0.061517,34.687,25698.24,
1,HLA-A*02:01,LIELALAKTE,LILALAKTE,0,2,1,0,0,LIELALAKTE,PEPLIST,0.000027,60,0.055416,37.841,27451.87,
1,HLA-A*02:01,LRLIMGNKPQ,LLIMGNKPQ,0,1,1,0,0,LRLIMGNKPQ,PEPLIST,0.000027,60,0.056157,37.443,27232.65,
1,HLA-A*02:01,SQTANHPDCP,SQTANHPCP,0,7,1,0,0,SQTANHPDCP,PEPLIST,0.000027,60,0.024801,66.142,38232.33,
1,HLA-A*02:01,AVHFMIGWH,AVHFMIGWH,0,0,0,0,0,AVHFMIGWH,PEPLIST,0.000027,60,0.037168,51.519,33444.03,
1,HLA-A*02:01,SYCIANHTEP,SCIANHTEP,0,1,1,0,0,SYCIANHTEP,PEPLIST,0.000027,60,0.026695,63.526,37456.82,
1,HLA-A*02:01,TCFCVEYLHY,TCFVEYLHY,0,3,1,0,0,TCFCVEYLHY,PEPLIST,0.000027,60,0.05414,38.54,27833.51,
1,HLA-A*02:01,EEALYQGDTA,EALYQGDTA,0,1,1,0,0,EEALYQGDTA,PEPLIST,0.000027,60,0.026184,64.195,37664.49,
1,HLA-A*02:01,TYRGNKEINY,TYRGNEINY,0,5,1,0,0,TYRGNKEINY,PEPLIST,0.000026,60.625,0.0124,86.936,43722.29,
1,HLA-A*02:01,MSGLGSFTGH,MSLGSFTGH,0,2,1,0,0,MSGLGSFTGH,PEPLIST,0.000026,60.625,0.04703,43.189,30059.21,
1,HLA-A*02:01,DRHQWEVKCV,DRHQWEVKV,0,8,1,0,0,DRHQWEVKCV,PEPLIST,0.000026,60.625,0.0215,71.149,39622.53,
1,HLA-A*02:01,EAHEFWHCHT,EAHEFWHHT,0,7,1,0,0,EAHEFWHCHT,PEPLIST,0.000025,61.25,0.032473,56.38,35186.84,
1,HLA-A*02:01,SRHTRNTCSK,SRHTRNTSK,0,7,1,0,0,SRHTRNTCSK,PEPLIST,0.000025,61.25,0.019248,74.821,40599.83,
1,HLA-A*02:01,MDSETRHCKW,MDSETRHKW,0,7,1,0,0,MDSETRHCKW,PEPLIST,0.000025,61.25,0.021752,70.739,39514.64,
1,HLA-A*02:01,WVDYMMTTHH,WVDYMTTHH,0,4,1,0,0,WVDYMMTTHH,PEPLIST,0.000025,61.25,0.047726,42.697,29833.7,
1,HLA-A*02:01,ANVRSQRNAR,AVRSQRNAR,0,1,1,0,0,ANVRSQRNAR,PEPLIST,0.000024,61.875,0.01675,79.106,41712.13,
1,HLA-A*02:01,FGQQWKKCKS,FQQWKKCKS,0,1,1,0,0,FGQQWKKCKS,PEPLIST,0.000024,61.875,0.030266,58.97,36037.2,
1,HLA-A*02:01,YAKKRWEKKW,YAKKRWEKW,0,7,1,0,0,YAKKRWEKKW,PEPLIST,0.000024,61.875,0.01408,83.915,42934.71,
1,HLA-A*02:01,IFQKHYSMCC,IQKHYSMCC,0,1,1,0,0,IFQKHYSMCC,PEPLIST,0.000024,61.875,0.05185,39.909,28531.74,
1,HLA-A*02:01,LREQLFSFA,LREQLFSFA,0,0,0,0,0,LREQLFSFA,PEPLIST,0.000023,62.5,0.032116,56.799,35323.03,
1,HLA-A*02:01,CAFAGCGMLH,CAFAGGMLH,0,5,1,0,0,CAFAGCGMLH,PEPLIST,0.000023,62.5,0.083515,26.48,20255.16,
1,HLA-A*02:01,YDIVIWWGR,YDIVIWWGR,0,0,0,0,0,YDIVIWWGR,PEPLIST,0.000023,62.5,0.059152,35.819,26364.31,
1,HLA-A*02:01,GATMSLSIH,GATMSLSIH,0,0,0,0,0,GATMSLSIH,PEPLIST,0.000023,62.5,0.021114,71.779,39788.36,
1,HLA-A*02:01,DRWENCRHWY,DRWENRHWY,0,5,1,0,0,DRWENCRHWY,PEPLIST,0.000023,62.5,0.0205,72.78,40053.56,
1,HLA-A*02:01,QAHNMNKAFF,QAHNMNAFF,0,6,1,0,0,QAHNMNKAFF,PEPLIST,0.000022,63.125,0.035501,53.168,34052.72,
1,HLA-A*02:01,VASKAPEACH,VASKAPEAH,0,8,1,0,0,VASKAPEACH,PEPLIST,0.000022,63.125,0.016678,79.23,41744.64,
1,HLA-A*02:01,GYCEMQPMS,GYCEMQPMS,0,0,0,0,0,GYCEMQPMS,PEPLIST,0.000022,63.125,0.026096,64.31,37700.38,
1,HLA-A*02:01,PMHLCRGYNA,PMLCRGYNA,0,2,1,0,0,PMHLCRGYNA,PEPLIST,0.000022,63.125,0.091309,24.31,18617.09,
1,HLA-A*02:01,EFKPQGHWYS,EFKPQGHYS,0,7,1,0,0,EFKPQGHWYS,PEPLIST,0.000022,63.125,0.027618,62.317,37084.62,
1,HLA-A*02:01,TSGSATSGVF,TSGSATSGF,0,8,1,0,0,TSGSATSGVF,PEPLIST,0.000022,63.125,0.039964,48.856,32447.43,
1,HLA-A*02:01,RKRISALVK,RKRISALVK,0,0,0,0,0,RKRISALVK,PEPLIST,0.000021,63.75,0.016979,78.712,41608.91,
1,HLA-A*02:01,VHHPMQHKQT,VHHPMQHQT,0,7,1,0,0,VHHPMQHKQT,PEPLIST,0.000021,63.75,0.013061,85.756,43410.7,
1,HLA-A*02:01,NGKYTPLAAH,NGYTPLAAH,0,2,1,0,0,NGKYTPLAAH,PEPLIST,0.000021,63.75,0.019243,74.829,40602.03,
1,HLA-A*02:01,IDNLVDHLIF,IDLVDHLIF,0,2,1,0,0,IDNLVDHLIF,PEPLIST,0.000021,63.75,0.031659,57.335,35498.11,
1,HLA-A*02:01,PRLWCIHMYY,RLWCIHMYY,1,0,0,0,0,RLWCIHMYY,PEPLIST,0.000021,63.75,0.10048,22.152,16858.44,
1,HLA-A*02:01,VSTAFPGGQS,VTAFPGGQS,0,1,1,0,0,VSTAFPGGQS,PEPLIST,0.00002,64.375,0.033416,55.273,34829.67,
1,HLA-A*02:01,YCAQRYVYG,YCAQRYVYG,0,0,0,0,0,YCAQRYVYG,PEPLIST,0.00002,64.375,0.041177,47.787,32024.37,
1,HLA-A*02:01,CKEPQRDWTF,CEPQRDWTF,0,1,1,0,0,CKEPQRDWTF,PEPLIST,0.00002,64.375,0.021471,71.197,39634.95,
1,HLA-A*02:01,EHKMVWKPQA,EHMVWKPQA,0,2,1,0,0,EHKMVWKPQA,PEPLIST,0.00002,64.375,0.021128,71.756,39782.32,
1,HLA-A*02:01,MKWTRGPGCA,MKWTRGPGA,0,8,1,0,0,MKWTRGPGCA,PEPLIST,0.00002,64.375,0.037475,51.216,33333.13,
1,HLA-A*02:01,SGPHFDFIIH,SGPHFFIIH,0,5,1,0,0,SGPHFDFIIH,PEPLIST,0.00002,64.375,0.038835,49.881,32846.23,
1,HLA-A*02:01,FHFCMIVWTH,FHFMIVWTH,0,3,1,0,0,FHFCMIVWTH,PEPLIST,0.00002,64.375,0.055544,37.773,27413.87,
1,HLA-A*02:01,TISAEIHKHD,TISAEIHKH,0,0,0,0,0,TISAEIHKH,PEPLIST,0.00002,64.375,0.023773,67.669,38659.95,
1,HLA-A*02:01,VRTNAKPDEH,VTNAKPDEH,0,1,1,0,0,VRTNAKPDEH,PEPLIST,0.000019,65,0.009859,91.358,44941,
1,HLA-A*02:01,ELAYTMAPDH,ELYTMAPDH,0,2,1,0,0,ELAYTMAPDH,PEPLIST,0.000019,65,0.048547,42.115,29569.84,
1,HLA-A*02:01,YAVWYECLMG,YVWYECLMG,0,1,1,0,0,YAVWYECLMG,PEPLIST,0.000019,65,0.14022,15.705,10966.81,
1,HLA-A*02:01,GGLQCKRMNR,GLQCKRMNR,0,1,1,0,0,GGLQCKRMNR,PEPLIST,0.000019,65,0.029678,59.66,36267.2,
1,HLA-A*02:01,AYLPLLYTD,AYLPLLYTD,0,0,0,0,0,AYLPLLYTD,PEPLIST,0.000019,65,0.036483,52.197,33692.83,
1,HLA-A*02:01,EKPSQSRILY,EKPSQSILY,0,6,1,0,0,EKPSQSRILY,PEPLIST,0.000019,65,0.012525,86.713,43663.18,
1,HLA-A*02:01,WHFQATWERR,WHFQATWER,0,8,1,0,0,WHFQATWERR,PEPLIST,0.000018,65.833,0.047478,42.872,29913.84,
1,HLA-A*02:01,HSRLIASCLT,HSLIASCLT,0,2,1,0,0,HSRLIASCLT,PEPLIST,0.000018,65.833,0.062272,34.342,25489.17,
1,HLA-A*02:01,IRIYKNDKAQ,IIYKNDKAQ,0,1,1,0,0,IRIYKNDKAQ,PEPLIST,0.000018,65.833,0.018302,76.437,41017.52,
1,HLA-A*02:01,DNYFNVHVH,DNYFNVHVH,0,0,0,0,0,DNYFNVHVH,PEPLIST,0.000018,65.833,0.012335,87.053,43753.04,
1,HLA-A*02:01,ESPIVKSALW,ESPIVSALW,0,5,1,0,0,ESPIVKSALW,PEPLIST,0.000018,65.833,0.02251,69.547,39191.89,
1,HLA-A*02:01,WTRWHWYAS,WTRWHWYAS,0,0,0,0,0,WTRWHWYAS,PEPLIST,0.000017,66.667,0.089229,24.851,19040.82,
1,HLA-A*02:01,RPKTGANYEH,RPKTGANYH,0,8,1,0,0,RPKTGANYEH,PEPLIST,0.000017,66.667,0.010855,89.696,44459.3,
1,HLA-A*02:01,CCWHLKRFY,CCWHLKRFY,0,0,0,0,0,CCWHLKRFY,PEPLIST,0.000017,66.667,0.023651,67.851,38711.02,
1,HLA-A*02:01,FKYMYTIKPT,FYMYTIKPT,0,1,1,0,0,FKYMYTIKPT,PEPLIST,0.000017,66.667,0.10899,20.442,15375.5,
1,HLA-A*02:01,EASARMKCK,EASARMKCK,0,0,0,0,0,EASARMKCK,PEPLIST,0.000017,66.667,0.012326,87.069,43757.3,
1,HLA-A*02:01,FRNFVRDWY,FRNFVRDWY,0,0,0,0,0,FRNFVRDWY,PEPLIST,0.000017,66.667,0.028728,60.864,36641.9,
1,HLA-A*02:01,TKNGQEESGI,TKNGQEESI,0,8,1,0,0,TKNGQEESGI,PEPLIST,0.000017,66.667,0.014559,83.043,42712.78,
1,HLA-A*02:01,IKGGSLYAGM,IKGGSLAGM,0,6,1,0,0,IKGGSLYAGM,PEPLIST,0.000017,66.667,0.050284,40.95,29019.29,
1,HLA-A*02:01,PILNSYPQMQ,ILNSYPQMQ,1,0,0,0,0,ILNSYPQMQ,PEPLIST,0.000017,66.667,0.037595,51.097,33289.89,
1,HLA-A*02:01,ASCGFVDSRE,ASCGFVSRE,0,6,1,0,0,ASCGFVDSRE,PEPLIST,0.000017,66.667,0.036949,51.736,33523.38,
1,HLA-A*02:01,YRDKANEEKS,YRDKANEES,0,8,1,0,0,YRDKANEEKS,PEPLIST,0.000017,66.667,0.013528,84.92,43191.91,
1,HLA-A*02:01,LNTMINPCNF,LTMINPCNF,0,1,1,0,0,LNTMINPCNF,PEPLIST,0.000016,67.5,0.060834,35,25888.86,
1,HLA-A*02:01,NFRAHCGSI,NFRAHCGSI,0,0,0,0,0,NFRAHCGSI,PEPLIST,0.000016,67.5,0.03639,52.289,33726.75,
1,HLA-A*02:01,PTETPRMLEH,PTETPRLEH,0,6,1,0,0,PTETPRMLEH,PEPLIST,0.000016,67.5,0.013472,85.021,43218.07,
1,HLA-A*02:01,CNQQKATWEH,CQQKATWEH,0,1,1,0,0,CNQQKATWEH,PEPLIST,0.000016,67.5,0.030921,58.201,35782.71,
1,HLA-A*02:01,NANTRDFHPK,NANTDFHPK,0,4,1,0,0,NANTRDFHPK,PEPLIST,0.000016,67.5,0.0295,59.869,36337.11,
1,HLA-A*02:01,NCIHTEEEE,NCIHTEEEE,0,0,0,0,0,NCIHTEEEE,PEPLIST,0.000016,67.5,0.014486,83.176,42746.51,
1,HLA-A*02:01,GTTAMMQMIW,GTTAMQMIW,0,4,1,0,0,GTTAMMQMIW,PEPLIST,0.000016,67.5,0.050439,40.847,28970.68,
1,HLA-A*02:01,NPKPLYWHIT,NPKPLYWHT,0,8,1,0,0,NPKPLYWHIT,PEPLIST,0.000016,67.5,0.029043,60.452,36517.22,
1,HLA-A*02:01,NDMYCGRAIE,NMYCGRAIE,0,1,1,0,0,NDMYCGRAIE,PEPLIST,0.000016,67.5,0.072276,30.21,22874.27,
1,HLA-A*02:01,GFNAFEMCQT,GFNAFEMQT,0,7,1,0,0,GFNAFEMCQT,PEPLIST,0.000016,67.5,0.054762,38.198,27646.81,
1,HLA-A*02:01,RKESLMAEPI,RKESLMAEI,0,8,1,0,0,RKESLMAEPI,PEPLIST,0.000016,67.5,0.067018,32.278,24213.32,
1,HLA-A*02:01,FCGKSEFKIC,FCGKSEFKC,0,8,1,0,0,FCGKSEFKIC,PEPLIST,0.000015,68.333,0.031849,57.112,35425.21,
1,HLA-A*02:01,LRITWMWMG,LRITWMWMG,0,0,0,0,0,LRITWMWMG,PEPLIST,0.000015,68.333,0.064498,33.338,24882.6,
1,HLA-A*02:01,DIIMIAYHVE,DIIMIAYHV,0,0,0,0,0,DIIMIAYHV,PEPLIST,0.000015,68.333,0.076273,28.795,21906.12,
1,HLA-A*02:01,LTRSMRRCW,LTRSMRRCW,0,0,0,0,0,LTRSMRRCW,PEPLIST,0.000015,68.333,0.016949,78.764,41622.41,
1,HLA-A*02:01,RKFNHDPETE,RFNHDPETE,0,1,1,0,0,RKFNHDPETE,PEPLIST,0.000015,68.333,0.013876,84.286,43029.57,
1,HLA-A*02:01,QHYPWSFNWS,QHYPWSFNS,0,8,1,0,0,QHYPWSFNWS,PEPLIST,0.000015,68.333,0.053688,38.79,27969.95,
1,HLA-A*02:01,YRLDFLNEN,YRLDFLNEN,0,0,0,0,0,YRLDFLNEN,PEPLIST,0.000015,68.333,0.031127,57.959,35703.05,
1,HLA-A*02:01,LEREETHGFP,LEREETHFP,0,7,1,0,0,LEREETHGFP,PEPLIST,0.000015,68.333,0.014456,83.23,42760.41,
1,HLA-A*02:01,NFMDMSEDWT,NFMDMSEWT,0,7,1,0,0,NFMDMSEDWT,PEPLIST,0.000014,69.167,0.080996,27.244,20814.8,
1,HLA-A*02:01,RAIRYQDNDR,RAIRYQDNR,0,8,1,0,0,RAIRYQDNDR,PEPLIST,0.000014,69.167,0.026231,64.133,37645.35,
1,HLA-A*02:01,AGSPQMILHG,ASPQMILHG,0,1,1,0,0,AGSPQMILHG,PEPLIST,0.000014,69.167,0.027992,61.828,36934.86,
1,HLA-A*02:01,PFVVFDWFF,PFVVFDWFF,0,0,0,0,0,PFVVFDWFF,PEPLIST,0.000014,69.167,0.035747,52.925,33962.21,
1,HLA-A*02:01,DKDYDRSAFC,DDYDRSAFC,0,1,1,0,0,DKDYDRSAFC,PEPLIST,0.000014,69.167,0.019992,73.608,40274.32,
1,HLA-A*02:01,YHIVISCTCR,YIVISCTCR,0,1,1,0,0,YHIVISCTCR,PEPLIST,0.000014,69.167,0.060111,35.352,26092.18,
1,HLA-A*02:01,QAEALTRDTT,QAALTRDTT,0,2,1,0,0,QAEALTRDTT,PEPLIST,0.000013,70,0.024984,65.869,38156.71,
1,HLA-A*02:01,KKWREKCESH,KKWEKCESH,0,3,1,0,0,KKWREKCESH,PEPLIST,0.000013,70,0.010966,89.498,44405.94,
1,HLA-A*02:01,RQTQCAPLIN,RQTQCAPLI,0,0,0,0,0,RQTQCAPLI,PEPLIST,0.000013,70,0.071727,30.411,23010.55,
1,HLA-A*02:01,MWRTIEQIAH,MWRTEQIAH,0,4,1,0,0,MWRTIEQIAH,PEPLIST,0.000013,70,0.021731,70.773,39523.61,
1,HLA-A*02:01,AYEYTVGRLE,AEYTVGRLE,0,1,1,0,0,AYEYTVGRLE,PEPLIST,0.000013,70,0.024953,65.916,38169.51,
1,HLA-A*02:01,TPETKRCQQA,TPETKCQQA,0,5,1,0,0,TPETKRCQQA,PEPLIST,0.000013,70,0.0123,87.115,43769.6,
1,HLA-A*02:01,QDMKGCGFFH,QMKGCGFFH,0,1,1,0,0,QDMKGCGFFH,PEPLIST,0.000013,70,0.043803,45.606,31127.28,
1,HLA-A*02:01,SDPIFWPDYK,SPIFWPDYK,0,1,1,0,0,SDPIFWPDYK,PEPLIST,0.000013,70,0.030314,58.913,36018.47,
1,HLA-A*02:01,VCERRQLAGA,VCERRQLAA,0,8,1,0,0,VCERRQLAGA,PEPLIST,0.000013,70,0.026268,64.085,37630.28,
1,HLA-A*02:01,QCMNLLPPG,QCMNLLPPG,0,0,0,0,0,QCMNLLPPG,PEPLIST,0.000013,70,0.067545,32.063,24075.65,
1,HLA-A*02:01,WRQSLRHVS,WRQSLRHVS,0,0,0,0,0,WRQSLRHVS,PEPLIST,0.000013,70,0.021802,70.657,39493.26,
1,HLA-A*02:01,RNLGTSRVE,RNLGTSRVE,0,0,0,0,0,RNLGTSRVE,PEPLIST,0.000012,71.25,0.016779,79.056,41699.03,
1,HLA-A*02:01,VGCLLSAMNY,VCLLSAMNY,0,1,1,0,0,VGCLLSAMNY,PEPLIST,0.000012,71.25,0.039092,49.647,32755.02,
1,HLA-A*02:01,PMQSLWTEDC,PMQSLWTEC,0,8,1,0,0,PMQSLWTEDC,PEPLIST,0.000012,71.25,0.049539,41.447,29254.18,
1,HLA-A*02:01,WGTPIFNGAC,WTPIFNGAC,0,1,1,0,0,WGTPIFNGAC,PEPLIST,0.000012,71.25,0.047632,42.763,29864.05,
1,HLA-A*02:01,YRPVFYPSPW,YRPVFYPSW,0,8,1,0,0,YRPVFYPSPW,PEPLIST,0.000012,71.25,0.038074,50.623,33117.79,
1,HLA-A*02:01,IPLRKEYTG,IPLRKEYTG,0,0,0,0,0,IPLRKEYTG,PEPLIST,0.000012,71.25,0.018196,76.62,41064.6,
1,HLA-A*02:01,CFCWWPYFTP,CFWWPYFTP,0,2,1,0,0,CFCWWPYFTP,PEPLIST,0.000012,71.25,0.081893,26.96,20613.77,
1,HLA-A*02:01,HYIAIQQNYQ,HIAIQQNYQ,0,1,1,0,0,HYIAIQQNYQ,PEPLIST,0.000012,71.25,0.027809,62.067,37008.05,
1,HLA-A*02:01,LKDAWCCLSF,LKDAWCLSF,0,5,1,0,0,LKDAWCCLSF,PEPLIST,0.000012,71.25,0.05396,38.64,27887.75,
1,HLA-A*02:01,DEKPVAEEMK,DEKPVAEEK,0,8,1,0,0,DEKPVAEEMK,PEPLIST,0.000012,71.25,0.007896,94.586,45905.73,
1,HLA-A*02:01,DKFTSDHWSP,DFTSDHWSP,0,1,1,0,0,DKFTSDHWSP,PEPLIST,0.000011,72.5,0.01903,75.186,40695.72,
1,HLA-A*02:01,GRTSLMDQWK,GTSLMDQWK,0,1,1,0,0,GRTSLMDQWK,PEPLIST,0.000011,72.5,0.027709,62.198,37048.12,
1,HLA-A*02:01,WGQITRTCTH,WQITRTCTH,0,1,1,0,0,WGQITRTCTH,PEPLIST,0.000011,72.5,0.031974,56.966,35377.33,
1,HLA-A*02:01,LEHYSDYCWI,LEYSDYCWI,0,2,1,0,0,LEHYSDYCWI,PEPLIST,0.000011,72.5,0.072363,30.178,22852.74,
1,HLA-A*02:01,AFKDHQQDE,AFKDHQQDE,0,0,0,0,0,AFKDHQQDE,PEPLIST,0.000011,72.5,0.010275,90.674,44739.18,
1,HLA-A*02:01,GGNLYQYPET,GGNLYQPET,0,6,1,0,0,GGNLYQYPET,PEPLIST,0.000011,72.5,0.036724,51.958,33605.1,
1,HLA-A*02:01,DVLHWFGKFW,DVLHFGKFW,0,4,1,0,0,DVLHWFGKFW,PEPLIST,0.000011,72.5,0.034351,54.306,34479.09,
1,HLA-A*02:01,SASCNTLQG,SASCNTLQG,0,0,0,0,0,SASCNTLQG,PEPLIST,0.000011,72.5,0.033865,54.786,34660.88,
1,HLA-A*02:01,QWHGPTTYQG,QWHGPTYQG,0,5,1,0,0,QWHGPTTYQG,PEPLIST,0.00001,73.75,0.019643,74.177,40426.68,
1,HLA-A*02:01,NPYAGNNDP,NPYAGNNDP,0,0,0,0,0,NPYAGNNDP,PEPLIST,0.00001,73.75,0.012165,87.356,43833.59,
1,HLA-A*02:01,THGGIHRCGR,THGGIHRGR,0,7,1,0,0,THGGIHRCGR,PEPLIST,0.00001,73.75,0.017756,77.376,41260.56,
1,HLA-A*02:01,YANALHYYNQ,YANALHYYQ,0,8,1,0,0,YANALHYYNQ,PEPLIST,0.00001,73.75,0.052294,39.632,28395.01,
1,HLA-A*02:01,LKCQILERGY,LKCQILERY,0,8,1,0,0,LKCQILERGY,PEPLIST,0.00001,73.75,0.01843,76.217,40960.76,
1,HLA-A*02:01,GGWRHQEGSP,GGWRHQESP,0,7,1,0,0,GGWRHQEGSP,PEPLIST,0.00001,73.75,0.019087,75.088,40670.61,
1,HLA-A*02:01,ESGGEGLHQ,ESGGEGLHQ,0,0,0,0,0,ESGGEGLHQ,PEPLIST,0.00001,73.75,0.007438,95.135,46133.78,
1,HLA-A*02:01,TLHQRHGSKD,TLHQHGSKD,0,4,1,0,0,TLHQRHGSKD,PEPLIST,0.00001,73.75,0.020009,73.58,40266.92,
1,HLA-A*02:01,QGPALWRTRC,QGPALWRTC,0,8,1,0,0,QGPALWRTRC,PEPLIST,0.00001,73.75,0.022192,70.021,39326.97,
1,HLA-A*02:01,PEPFFLLIR,PEPFFLLIR,0,0,0,0,0,PEPFFLLIR,PEPLIST,0.00001,73.75,0.015615,81.12,42227.53,
1,HLA-A*02:01,YGCDRNNHPE,YCDRNNHPE,0,1,1,0,0,YGCDRNNHPE,PEPLIST,0.00001,73.75,0.034302,54.354,34497.37,
1,HLA-A*02:01,LTKVCMVKVC,LTKVMVKVC,0,4,1,0,0,LTKVCMVKVC,PEPLIST,0.00001,73.75,0.04964,41.38,29222.21,
1,HLA-A*02:01,FINHMKWKHN,FINHMKWKH,0,0,0,0,0,FINHMKWKH,PEPLIST,0.000009,75,0.046289,43.712,30301.16,
1,HLA-A*02:01,ETFRGCKRFS,ETFRGCRFS,0,6,1,0,0,ETFRGCKRFS,PEPLIST,0.000009,75,0.031664,57.329,35496.19,
1,HLA-A*02:01,ASANHMAGMD,ASANHMAGM,0,0,0,0,0,ASANHMAGM,PEPLIST,0.000009,75,0.042292,46.853,31640.34,
1,HLA-A*02:01,QSRCNPQHS,QSRCNPQHS,0,0,0,0,0,QSRCNPQHS,PEPLIST,0.000009,75,0.013206,85.497,43342.64,
1,HLA-A*02:01,DEAPVMMTHQ,DEAPVMMTQ,0,8,1,0,0,DEAPVMMTHQ,PEPLIST,0.000009,75,0.011956,87.73,43932.84,
1,HLA-A*02:01,CSQLMHEIQQ,CQLMHEIQQ,0,1,1,0,0,CSQLMHEIQQ,PEPLIST,0.000009,75,0.030658,58.51,35884.67,
1,HLA-A*02:01,LKLWTVFCS,LKLWTVFCS,0,0,0,0,0,LKLWTVFCS,PEPLIST,0.000009,75,0.056386,37.32,27165.26,
1,HLA-A*02:01,MKAMHSDQNE,MAMHSDQNE,0,1,1,0,0,MKAMHSDQNE,PEPLIST,0.000009,75,0.032408,56.456,35211.6,
1,HLA-A*02:01,SKGYIRVKVT,SGYIRVKVT,0,1,1,0,0,SKGYIRVKVT,PEPLIST,0.000009,75,0.021746,70.748,39517.21,
1,HLA-A*02:01,AREHQRWHYT,AEHQRWHYT,0,1,1,0,0,AREHQRWHYT,PEPLIST,0.000009,75,0.018943,75.335,40734.03,
1,HLA-A*02:01,PGFPCWVYS,PGFPCWVYS,0,0,0,0,0,PGFPCWVYS,PEPLIST,0.000009,75,0.039243,49.51,32701.55,
1,HLA-A*02:01,WPPFTHQCNF,WPPFTHQNF,0,7,1,0,0,WPPFTHQCNF,PEPLIST,0.000009,75,0.032087,56.833,35334.12,
1,HLA-A*02:01,VVRQDRQIG,VVRQDRQIG,0,0,0,0,0,VVRQDRQIG,PEPLIST,0.000009,75,0.012273,87.163,43782.39,
1,HLA-A*02:01,PWTPIPEVT,PWTPIPEVT,0,0,0,0,0,PWTPIPEVT,PEPLIST,0.000009,75,0.011262,88.969,44263.95,
1,HLA-A*02:01,THHEYYEPTS,THHEYEPTS,0,4,1,0,0,THHEYYEPTS,PEPLIST,0.000009,75,0.018635,75.865,40870.02,
1,HLA-A*02:01,CAHFWNTFIP,CAFWNTFIP,0,2,1,0,0,CAHFWNTFIP,PEPLIST,0.000009,75,0.086227,25.691,19669.44,
1,HLA-A*02:01,RESAMCCDQW,RESAMCDQW,0,5,1,0,0,RESAMCCDQW,PEPLIST,0.000009,75,0.03847,50.231,32976.19,
1,HLA-A*02:01,HAACYDNMFS,HAAYDNMFS,0,3,1,0,0,HAACYDNMFS,PEPLIST,0.000009,75,0.064613,33.286,24851.67,
1,HLA-A*02:01,LWKTITRAPM,LWKTITAPM,0,6,1,0,0,LWKTITRAPM,PEPLIST,0.000008,76.667,0.05081,40.598,28854.62,
1,HLA-A*02:01,EYRSHMQNYC,EYSHMQNYC,0,2,1,0,0,EYRSHMQNYC,PEPLIST,0.000008,76.667,0.021536,71.091,39607.1,
1,HLA-A*02:01,IGINAYCCGK,IINAYCCGK,0,1,1,0,0,IGINAYCCGK,PEPLIST,0.000008,76.667,0.064874,33.169,24781.58,
1,HLA-A*02:01,KDYGQFSSD,KDYGQFSSD,0,0,0,0,0,KDYGQFSSD,PEPLIST,0.000008,76.667,0.01811,76.768,41102.83,
1,HLA-A*02:01,KHLGAHKYQ,KHLGAHKYQ,0,0,0,0,0,KHLGAHKYQ,PEPLIST,0.000008,76.667,0.012687,86.424,43586.71,
1,HLA-A*02:01,RQDLWLSDPG,RQDLWLSPG,0,7,1,0,0,RQDLWLSDPG,PEPLIST,0.000008,76.667,0.094912,23.414,17905.29,
1,HLA-A*02:01,AYQCTKDASE,AQCTKDASE,0,1,1,0,0,AYQCTKDASE,PEPLIST,0.000008,76.667,0.024181,67.063,38489.67,
1,HLA-A*02:01,TQTIIKGGWE,TQIIKGGWE,0,2,1,0,0,TQTIIKGGWE,PEPLIST,0.000008,76.667,0.026981,63.151,37341.1,
1,HLA-A*02:01,DTTKRLCALK,DTTKRLALK,0,6,1,0,0,DTTKRLCALK,PEPLIST,0.000008,76.667,0.029488,59.883,36341.82,
1,HLA-A*02:01,WFGIHERHPY,WGIHERHPY,0,1,1,0,0,WFGIHERHPY,PEPLIST,0.000007,78.333,0.031826,57.139,35434.03,
1,HLA-A*02:01,WFIMNFNDPE,WIMNFNDPE,0,1,1,0,0,WFIMNFNDPE,PEPLIST,0.000007,78.333,0.098427,22.602,17237.11,
1,HLA-A*02:01,RYAFCLKPDP,RAFCLKPDP,0,1,1,0,0,RYAFCLKPDP,PEPLIST,0.000007,78.333,0.042907,46.323,31430.5,
1,HLA-A*02:01,TREHTTCNTH,TREHTTNTH,0,6,1,0,0,TREHTTCNTH,PEPLIST,0.000007,78.333,0.010028,91.08,44858.91,
1,HLA-A*02:01,PCTYAEHRKW,PTYAEHRKW,0,1,1,0,0,PCTYAEHRKW,PEPLIST,0.000007,78.333,0.013287,85.352,43304.67,
1,HLA-A*02:01,DEVFDTAAH,DEVFDTAAH,0,0,0,0,0,DEVFDTAAH,PEPLIST,0.000007,78.333,0.008827,93.055,45445.65,
1,HLA-A*02:01,PKLTRRGGPL,PLTRRGGPL,0,1,1,0,0,PKLTRRGGPL,PEPLIST,0.000007,78.333,0.04566,44.173,30508.08,
1,HLA-A*02:01,TTDFFYQPN,TTDFFYQPN,0,0,0,0,0,TTDFFYQPN,PEPLIST,0.000007,78.333,0.046945,43.249,30086.87,
1,HLA-A*02:01,CHSYASYKGP,CSYASYKGP,0,1,1,0,0,CHSYASYKGP,PEPLIST,0.000007,78.333,0.035594,53.076,34018.48,
1,HLA-A*02:01,GRRINNEWDA,GRINNEWDA,0,1,1,0,0,GRRINNEWDA,PEPLIST,0.000007,78.333,0.022381,69.738,39246.62,
1,HLA-A*02:01,DHCTHMLMTR,DCTHMLMTR,0,1,1,0,0,DHCTHMLMTR,PEPLIST,0.000007,78.333,0.021239,71.575,39734.58,
1,HLA-A*02:01,WTKLCIFPVG,WTKLCIFPV,0,0,0,0,0,WTKLCIFPV,PEPLIST,0.000007,78.333,0.103668,21.49,16286.86,
1,HLA-A*02:01,CNSYGMDKK,CNSYGMDKK,0,0,0,0,0,CNSYGMDKK,PEPLIST,0.000007,78.333,0.017283,78.189,41472.25,
1,HLA-A*02:01,IRPHKNTSRS,IRPHKNTSS,0,8,1,0,0,IRPHKNTSRS,PEPLIST,0.000007,78.333,0.011118,89.227,44332.98,
1,HLA-A*02:01,TFTVFHYPNS,TTVFHYPNS,0,1,1,0,0,TFTVFHYPNS,PEPLIST,0.000006,80,0.049245,41.643,29347.37,
1,HLA-A*02:01,DGCVMFYVK,DGCVMFYVK,0,0,0,0,0,DGCVMFYVK,PEPLIST,0.000006,80,0.025498,65.106,37945.11,
1,HLA-A*02:01,CKTHLTAHLH,CTHLTAHLH,0,1,1,0,0,CKTHLTAHLH,PEPLIST,0.000006,80,0.026583,63.672,37502.24,
1,HLA-A*02:01,KDSWMPEAWG,KSWMPEAWG,0,1,1,0,0,KDSWMPEAWG,PEPLIST,0.000006,80,0.047111,43.132,30032.88,
1,HLA-A*02:01,GSWTFFPAQN,GSWTFPAQN,0,4,1,0,0,GSWTFFPAQN,PEPLIST,0.000006,80,0.050667,40.694,28899.3,
1,HLA-A*02:01,NVAGMSDNG,NVAGMSDNG,0,0,0,0,0,NVAGMSDNG,PEPLIST,0.000006,80,0.026809,63.377,37410.66,
1,HLA-A*02:01,GFWQVSPGRD,GFWQVSPGR,0,0,0,0,0,GFWQVSPGR,PEPLIST,0.000006,80,0.029396,59.991,36378.02,
1,HLA-A*02:01,ARIIFWVAIG,AIIFWVAIG,0,1,1,0,0,ARIIFWVAIG,PEPLIST,0.000006,80,0.079604,27.689,21130.66,
1,HLA-A*02:01,DMRSERMDHE,DMSERMDHE,0,2,1,0,0,DMRSERMDHE,PEPLIST,0.000006,80,0.01837,76.32,40987.37,
1,HLA-A*02:01,TPAMLHRHCW,TAMLHRHCW,0,1,1,0,0,TPAMLHRHCW,PEPLIST,0.000006,80,0.020751,72.37,39944.93,
1,HLA-A*02:01,MNACFCMAWF,MNACFCMAF,0,8,1,0,0,MNACFCMAWF,PEPLIST,0.000006,80,0.08934,24.822,19017.97,
1,HLA-A*02:01,LPVCTRQLVE,LVCTRQLVE,0,1,1,0,0,LPVCTRQLVE,PEPLIST,0.000006,80,0.036355,52.323,33739.52,
1,HLA-A*02:01,MCCNKYTGAT,MCCNKYTAT,0,7,1,0,0,MCCNKYTGAT,PEPLIST,0.000006,80,0.04033,48.529,32319.2,
1,HLA-A*02:01,ANGIWHCHP,ANGIWHCHP,0,0,0,0,0,ANGIWHCHP,PEPLIST,0.000006,80,0.018696,75.76,40843.04,
1,HLA-A*02:01,SEGADCKDYT,SGADCKDYT,0,1,1,0,0,SEGADCKDYT,PEPLIST,0.000006,80,0.022728,69.223,39099.54,
1,HLA-A*02:01,PKSWHIGHY,PKSWHIGHY,0,0,0,0,0,PKSWHIGHY,PEPLIST,0.000006,80,0.007155,95.32,46275.26,
1,HLA-A*02:01,PTHAMSHSIC,PTHAMSHSC,0,8,1,0,0,PTHAMSHSIC,PEPLIST,0.000006,80,0.021867,70.551,39465.51,
1,HLA-A*02:01,ENSNLRRYC,ENSNLRRYC,0,0,0,0,0,ENSNLRRYC,PEPLIST,0.000006,80,0.010033,91.072,44856.48,
1,HLA-A*02:01,HGGCHDSIMT,HGCHDSIMT,0,1,1,0,0,HGGCHDSIMT,PEPLIST,0.000006,80,0.025641,64.906,37886.42,
1,HLA-A*02:01,DLGFICASTG,DLGFIASTG,0,5,1,0,0,DLGFICASTG,PEPLIST,0.000006,80,0.069044,31.444,23688.32,
1,HLA-A*02:01,RPDGLLMCDS,RPDGLLMCS,0,8,1,0,0,RPDGLLMCDS,PEPLIST,0.000006,80,0.02759,62.354,37095.87,
1,HLA-A*02:01,FHGVCMGREK,FGVCMGREK,0,1,1,0,0,FHGVCMGREK,PEPLIST,0.000005,82.5,0.03732,51.369,33389.07,
1,HLA-A*02:01,PIGVMGPEEH,PIVMGPEEH,0,2,1,0,0,PIGVMGPEEH,PEPLIST,0.000005,82.5,0.009343,92.207,45192.61,
1,HLA-A*02:01,CPPCIWWFSR,CPPCIWWSR,0,7,1,0,0,CPPCIWWFSR,PEPLIST,0.000005,82.5,0.039525,49.253,32601.93,
1,HLA-A*02:01,DDTTQFRHYS,DTTQFRHYS,0,1,1,0,0,DDTTQFRHYS,PEPLIST,0.000005,82.5,0.018749,75.669,40819.62,
1,HLA-A*02:01,WTETICWGNK,WTETICGNK,0,6,1,0,0,WTETICWGNK,PEPLIST,0.000005,82.5,0.047659,42.744,29855.33,
1,HLA-A*02:01,DQKATDQGFE,DQKATDQFE,0,7,1,0,0,DQKATDQGFE,PEPLIST,0.000005,82.5,0.01095,89.527,44413.62,
1,HLA-A*02:01,SFTMPMKEAN,STMPMKEAN,0,1,1,0,0,SFTMPMKEAN,PEPLIST,0.000005,82.5,0.027177,62.895,37262,
1,HLA-A*02:01,GGPADRGYP,GGPADRGYP,0,0,0,0,0,GGPADRGYP,PEPLIST,0.000005,82.5,0.013206,85.497,43342.64,
1,HLA-A*02:01,LDGWKRMDY,LDGWKRMDY,0,0,0,0,0,LDGWKRMDY,PEPLIST,0.000005,82.5,0.01075,89.884,44509.85,
1,HLA-A*02:01,QDHSGVTDFS,QDHSGVTFS,0,7,1,0,0,QDHSGVTDFS,PEPLIST,0.000005,82.5,0.018039,76.89,41134.42,
1,HLA-A*02:01,PDAIFDHECR,PDAIFDHER,0,8,1,0,0,PDAIFDHECR,PEPLIST,0.000005,82.5,0.011492,88.558,44153.93,
1,HLA-A*02:01,LSEWLRCSLQ,LSWLRCSLQ,0,2,1,0,0,LSEWLRCSLQ,PEPLIST,0.000005,82.5,0.052379,39.579,28368.91,
1,HLA-A*02:01,PHHYFEALI,PHHYFEALI,0,0,0,0,0,PHHYFEALI,PEPLIST,0.000005,82.5,0.026279,64.07,37625.81,
1,HLA-A*02:01,TAVTRSPGG,TAVTRSPGG,0,0,0,0,0,TAVTRSPGG,PEPLIST,0.000005,82.5,0.01697,78.728,41612.96,
1,HLA-A*02:01,ITHHFSRLQG,ITHHFSLQG,0,6,1,0,0,ITHHFSRLQG,PEPLIST,0.000005,82.5,0.037824,50.87,33207.51,
1,HLA-A*02:01,FHQTVTADQ,FHQTVTADQ,0,0,0,0,0,FHQTVTADQ,PEPLIST,0.000005,82.5,0.015444,81.431,42305.73,
1,HLA-A*02:01,PQHSKYTCRF,PQHSKYTRF,0,7,1,0,0,PQHSKYTCRF,PEPLIST,0.000005,82.5,0.017281,78.193,41473.16,
1,HLA-A*02:01,MWHRPPYKIQ,MWHRPPYKI,0,0,0,0,0,MWHRPPYKI,PEPLIST,0.000005,82.5,0.022084,70.197,39372.95,
1,HLA-A*02:01,IYCIKLRGMR,ICIKLRGMR,0,1,1,0,0,IYCIKLRGMR,PEPLIST,0.000005,82.5,0.023232,68.474,38886.93,
1,HLA-A*02:01,DVKRVASHG,DVKRVASHG,0,0,0,0,0,DVKRVASHG,PEPLIST,0.000004,85,0.008422,93.721,45645.21,
1,HLA-A*02:01,RGHGCWQKSQ,RGHGWQKSQ,0,4,1,0,0,RGHGCWQKSQ,PEPLIST,0.000004,85,0.015226,81.828,42405.62,
1,HLA-A*02:01,AIRTWDSCD,AIRTWDSCD,0,0,0,0,0,AIRTWDSCD,PEPLIST,0.000004,85,0.019477,74.447,40499.36,
1,HLA-A*02:01,DCGPFWTRWF,DCGPFWTRF,0,8,1,0,0,DCGPFWTRWF,PEPLIST,0.000004,85,0.017461,77.883,41392.46,
1,HLA-A*02:01,PTFYRKYDEW,TFYRKYDEW,1,0,0,0,0,TFYRKYDEW,PEPLIST,0.000004,85,0.017825,77.258,41229.76,
1,HLA-A*02:01,PFIEPNGEQ,PFIEPNGEQ,0,0,0,0,0,PFIEPNGEQ,PEPLIST,0.000004,85,0.011044,89.359,44368.47,
1,HLA-A*02:01,TFPYHEPLN,TFPYHEPLN,0,0,0,0,0,TFPYHEPLN,PEPLIST,0.000004,85,0.015322,81.653,42361.62,
1,HLA-A*02:01,DYRQKSRMS,DYRQKSRMS,0,0,0,0,0,DYRQKSRMS,PEPLIST,0.000004,85,0.004662,96.951,47540.47,
1,HLA-A*02:01,SATLQPDDS,SATLQPDDS,0,0,0,0,0,SATLQPDDS,PEPLIST,0.000004,85,0.011318,88.869,44237.13,
1,HLA-A*02:01,GGAENLLHHN,GAENLLHHN,0,1,1,0,0,GGAENLLHHN,PEPLIST,0.000004,85,0.01586,80.674,42115.72,
1,HLA-A*02:01,EKHWYECLWA,EHWYECLWA,0,1,1,0,0,EKHWYECLWA,PEPLIST,0.000004,85,0.043886,45.544,31099.33,
1,HLA-A*02:01,NKPHLFWAWP,NKPHLFWAP,0,8,1,0,0,NKPHLFWAWP,PEPLIST,0.000004,85,0.029692,59.643,36261.7,
1,HLA-A*02:01,YHAPWGYGTN,YHAPWGYTN,0,7,1,0,0,YHAPWGYGTN,PEPLIST,0.000004,85,0.034089,54.565,34576.97,
1,HLA-A*02:01,VRRQESCGH,VRRQESCGH,0,0,0,0,0,VRRQESCGH,PEPLIST,0.000004,85,0.007352,95.191,46176.73,
1,HLA-A*02:01,LGLSIKAYD,LGLSIKAYD,0,0,0,0,0,LGLSIKAYD,PEPLIST,0.000004,85,0.034233,54.422,34523.14,
1,HLA-A*02:01,FKSERHGKS,FKSERHGKS,0,0,0,0,0,FKSERHGKS,PEPLIST,0.000004,85,0.010774,89.841,44498.28,
1,HLA-A*02:01,PGQRQCGSHR,GQRQCGSHR,1,0,0,0,0,GQRQCGSHR,PEPLIST,0.000004,85,0.012809,86.206,43529.23,
1,HLA-A*02:01,PSQPRSDEQ,PSQPRSDEQ,0,0,0,0,0,PSQPRSDEQ,PEPLIST,0.000004,85,0.006932,95.466,46387.04,
1,HLA-A*02:01,EAKLSARKPW,EAKLSARKW,0,8,1,0,0,EAKLSARKPW,PEPLIST,0.000004,85,0.011696,88.194,44056.6,
1,HLA-A*02:01,CHNFNTDNQS,CNFNTDNQS,0,1,1,0,0,CHNFNTDNQS,PEPLIST,0.000004,85,0.019037,75.174,40692.62,
1,HLA-A*02:01,MNTCRTMFPK,MTCRTMFPK,0,1,1,0,0,MNTCRTMFPK,PEPLIST,0.000004,85,0.078133,28.168,21469.67,
1,HLA-A*02:01,QKFEWGPWDQ,QKFEWPWDQ,0,5,1,0,0,QKFEWGPWDQ,PEPLIST,0.000004,85,0.016291,79.895,41919.78,
1,HLA-A*02:01,YAAHASKCG,YAAHASKCG,0,0,0,0,0,YAAHASKCG,PEPLIST,0.000004,85,0.020999,71.966,39837.88,
1,HLA-A*02:01,HKISALWRN,HKISALWRN,0,0,0,0,0,HKISALWRN,PEPLIST,0.000004,85,0.021543,71.079,39604.08,
1,HLA-A*02:01,ALGNLDSDNN,ALNLDSDNN,0,2,1,0,0,ALGNLDSDNN,PEPLIST,0.000004,85,0.02431,66.871,38435.99,
1,HLA-A*02:01,LGGPLCGES,LGGPLCGES,0,0,0,0,0,LGGPLCGES,PEPLIST,0.000004,85,0.024827,66.103,38221.58,
1,HLA-A*02:01,CDSHCRSCF,CDSHCRSCF,0,0,0,0,0,CDSHCRSCF,PEPLIST,0.000004,85,0.018554,76.004,40905.85,
1,HLA-A*02:01,PAALHVCQDP,PAALHVCQP,0,8,1,0,0,PAALHVCQDP,PEPLIST,0.000003,87.5,0.019128,75.017,40652.57,
1,HLA-A*02:01,DYVHNDSRH,DYVHNDSRH,0,0,0,0,0,DYVHNDSRH,PEPLIST,0.000003,87.5,0.004491,97.062,47628.52,
1,HLA-A*02:01,NKDREDCAKH,NKDREDAKH,0,6,1,0,0,NKDREDCAKH,PEPLIST,0.000003,87.5,0.005572,96.355,47074.66,
1,HLA-A*02:01,ATRKKLFCRG,ATRKKLFCR,0,0,0,0,0,ATRKKLFCR,PEPLIST,0.000003,87.5,0.020602,72.613,40009.39,
1,HLA-A*02:01,QYTHIHKTG,QYTHIHKTG,0,0,0,0,0,QYTHIHKTG,PEPLIST,0.000003,87.5,0.009941,91.223,44901.17,
1,HLA-A*02:01,TEECMKLYCW,TEECMKLYW,0,8,1,0,0,TEECMKLYCW,PEPLIST,0.000003,87.5,0.021916,70.471,39444.59,
1,HLA-A*02:01,LNKHECVINS,LNKHEVINS,0,5,1,0,0,LNKHECVINS,PEPLIST,0.000003,87.5,0.021556,71.058,39598.52,
1,HLA-A*02:01,DPPSMFPVGH,DPPSFPVGH,0,4,1,0,0,DPPSMFPVGH,PEPLIST,0.000003,87.5,0.009391,92.128,45169.15,
1,HLA-A*02:01,PCMLMCPQEH,PMLMCPQEH,0,1,1,0,0,PCMLMCPQEH,PEPLIST,0.000003,87.5,0.032656,56.165,35117.24,
1,HLA-A*02:01,CRYLKEAEDH,CRYLKEAEH,0,8,1,0,0,CRYLKEAEDH,PEPLIST,0.000003,87.5,0.009961,91.19,44891.44,
1,HLA-A*02:01,GNNVLHWWCM,GNVLHWWCM,0,1,1,0,0,GNNVLHWWCM,PEPLIST,0.000003,87.5,0.040689,48.208,32193.9,
1,HLA-A*02:01,YYTQASCNQ,YYTQASCNQ,0,0,0,0,0,YYTQASCNQ,PEPLIST,0.000003,87.5,0.017237,78.269,41492.9,
1,HLA-A*02:01,PECQCSKAML,PECQSKAML,0,4,1,0,0,PECQCSKAML,PEPLIST,0.000003,87.5,0.02039,72.959,40101.27,
1,HLA-A*02:01,GSPCSEWHN,GSPCSEWHN,0,0,0,0,0,GSPCSEWHN,PEPLIST,0.000003,87.5,0.02412,67.154,38515.09,
1,HLA-A*02:01,TGRTAEYTFE,TGRTAEYTE,0,8,1,0,0,TGRTAEYTFE,PEPLIST,0.000003,87.5,0.020923,72.09,39870.66,
1,HLA-A*02:01,PCRWAFFRTT,PRWAFFRTT,0,1,1,0,0,PCRWAFFRTT,PEPLIST,0.000003,87.5,0.030755,58.396,35847.04,
1,HLA-A*02:01,WAGHQGSRQQ,WAHQGSRQQ,0,2,1,0,0,WAGHQGSRQQ,PEPLIST,0.000003,87.5,0.010973,89.486,44402.59,
1,HLA-A*02:01,VGELFEFLSG,VGLFEFLSG,0,2,1,0,0,VGELFEFLSG,PEPLIST,0.000003,87.5,0.037106,51.581,33466.49,
1,HLA-A*02:01,AHCQDLKNVN,AHCQDLKNV,0,0,0,0,0,AHCQDLKNV,PEPLIST,0.000003,87.5,0.011794,88.019,44009.91,
1,HLA-A*02:01,EGANMQCGDA,EGANMQCGA,0,8,1,0,0,EGANMQCGDA,PEPLIST,0.000003,87.5,0.025045,65.779,38131.55,
1,HLA-A*02:01,RWSAYKRSKS,RSAYKRSKS,0,1,1,0,0,RWSAYKRSKS,PEPLIST,0.000003,87.5,0.018289,76.46,41023.31,
1,HLA-A*02:01,HEKTMKEPDK,HEKTMKEPK,0,8,1,0,0,HEKTMKEPDK,PEPLIST,0.000003,87.5,0.007761,94.808,45972.84,
1,HLA-A*02:01,EKQCPIWYG,EKQCPIWYG,0,0,0,0,0,EKQCPIWYG,PEPLIST,0.000003,87.5,0.018606,75.915,40882.83,
1,HLA-A*02:01,SHEQNSNAKS,SHQNSNAKS,0,2,1,0,0,SHEQNSNAKS,PEPLIST,0.000003,87.5,0.010958,89.512,44409.78,
1,HLA-A*02:01,LKPFFQRQGE,LKPFFQQGE,0,6,1,0,0,LKPFFQRQGE,PEPLIST,0.000003,87.5,0.016516,79.508,41817.88,
1,HLA-A*02:01,WRELACVQHT,WELACVQHT,0,1,1,0,0,WRELACVQHT,PEPLIST,0.000003,87.5,0.036931,51.754,33529.91,
1,HLA-A*02:01,NISMNGRGN,NISMNGRGN,0,0,0,0,0,NISMNGRGN,PEPLIST,0.000003,87.5,0.015071,82.11,42476.82,
1,HLA-A*02:01,LGSTQPDYEG,LSTQPDYEG,0,1,1,0,0,LGSTQPDYEG,PEPLIST,0.000003,87.5,0.021807,70.649,39491.12,
1,HLA-A*02:01,AYECQCVTIT,AECQCVTIT,0,1,1,0,0,AYECQCVTIT,PEPLIST,0.000003,87.5,0.030436,58.77,35970.98,
1,HLA-A*02:01,GYQIVIFERN,GQIVIFERN,0,1,1,0,0,GYQIVIFERN,PEPLIST,0.000003,87.5,0.029663,59.677,36273.07,
1,HLA-A*02:01,REHAAKTIGG,REHAATIGG,0,5,1,0,0,REHAAKTIGG,PEPLIST,0.000003,87.5,0.018286,76.465,41024.63,
1,HLA-A*02:01,GAIWSGSFN,GAIWSGSFN,0,0,0,0,0,GAIWSGSFN,PEPLIST,0.000003,87.5,0.029252,60.178,36434.75,
1,HLA-A*02:01,LWLYMLFTN,LWLYMLFTN,0,0,0,0,0,LWLYMLFTN,PEPLIST,0.000003,87.5,0.04828,42.304,29655.4,
1,HLA-A*02:01,TKKARLAGE,TKKARLAGE,0,0,0,0,0,TKKARLAGE,PEPLIST,0.000003,87.5,0.008771,93.147,45473.18,
1,HLA-A*02:01,PHWVWSRLWM,PHWVWSRLM,0,8,1,0,0,PHWVWSRLWM,PEPLIST,0.000003,87.5,0.038586,50.117,32934.83,
1,HLA-A*02:01,LATDCEARYG,LATDCEARY,0,0,0,0,0,LATDCEARY,PEPLIST,0.000003,87.5,0.039605,49.18,32573.71,
1,HLA-A*02:01,PNVIDDIGTG,PVIDDIGTG,0,1,1,0,0,PNVIDDIGTG,PEPLIST,0.000003,87.5,0.0172,78.332,41509.52,
1,HLA-A*02:01,LSHSSCFCD,LSHSSCFCD,0,0,0,0,0,LSHSSCFCD,PEPLIST,0.000002,90,0.039657,49.133,32555.39,
1,HLA-A*02:01,CRDQHAYAET,CRDQHAYET,0,7,1,0,0,CRDQHAYAET,PEPLIST,0.000002,90,0.023559,67.988,38749.59,
1,HLA-A*02:01,WRTHGNWIG,WRTHGNWIG,0,0,0,0,0,WRTHGNWIG,PEPLIST,0.000002,90,0.025664,64.876,37877.02,
1,HLA-A*02:01,DCLWTNLLD,DCLWTNLLD,0,0,0,0,0,DCLWTNLLD,PEPLIST,0.000002,90,0.01932,74.703,40568.21,
1,HLA-A*02:01,GRSLPQMLD,GRSLPQMLD,0,0,0,0,0,GRSLPQMLD,PEPLIST,0.000002,90,0.013352,85.236,43274.24,
1,HLA-A*02:01,LCFLKAREPG,LCFLKAREG,0,8,1,0,0,LCFLKAREPG,PEPLIST,0.000002,90,0.0353,53.367,34126.86,
1,HLA-A*02:01,AKESETEIGG,AESETEIGG,0,1,1,0,0,AKESETEIGG,PEPLIST,0.000002,90,0.009432,92.06,45149.11,
1,HLA-A*02:01,DEPAGRCVRE,DEPAGCVRE,0,5,1,0,0,DEPAGRCVRE,PEPLIST,0.000002,90,0.007423,95.145,46141.28,
1,HLA-A*02:01,GSLVIAQKWD,GSLVIAQKW,0,0,0,0,0,GSLVIAQKW,PEPLIST,0.000002,90,0.024702,66.289,38273.31,
1,HLA-A*02:01,LYSKIYQDCT,LYSKIYQCT,0,7,1,0,0,LYSKIYQDCT,PEPLIST,0.000002,90,0.026761,63.439,37430.09,
1,HLA-A*02:01,DQSKARIQNN,DQSKAIQNN,0,5,1,0,0,DQSKARIQNN,PEPLIST,0.000002,90,0.008671,93.311,45522.41,
1,HLA-A*02:01,SRTTQDFYED,STTQDFYED,0,1,1,0,0,SRTTQDFYED,PEPLIST,0.000002,90,0.022626,69.374,39142.74,
1,HLA-A*02:01,VDVEYTRLD,VDVEYTRLD,0,0,0,0,0,VDVEYTRLD,PEPLIST,0.000002,90,0.01344,85.079,43233.04,
1,HLA-A*02:01,DNLVRMTTG,DNLVRMTTG,0,0,0,0,0,DNLVRMTTG,PEPLIST,0.000002,90,0.010165,90.855,44792.48,
1,HLA-A*02:01,GEVSLVWGEG,GEVSLVWEG,0,7,1,0,0,GEVSLVWGEG,PEPLIST,0.000002,90,0.03495,53.713,34256.34,
1,HLA-A*02:01,FRKNGQFSHN,FRKNGQFSH,0,0,0,0,0,FRKNGQFSH,PEPLIST,0.000002,90,0.011904,87.822,43957.55,
1,HLA-A*02:01,TKLDHAAKG,TKLDHAAKG,0,0,0,0,0,TKLDHAAKG,PEPLIST,0.000002,90,0.007661,94.972,46022.61,
1,HLA-A*02:01,LEPHFNGWSG,LEPHNGWSG,0,4,1,0,0,LEPHFNGWSG,PEPLIST,0.000002,90,0.034106,54.548,34570.59,
1,HLA-A*02:01,GGGFWDNDC,GGGFWDNDC,0,0,0,0,0,GGGFWDNDC,PEPLIST,0.000002,90,0.013117,85.656,43384.39,
1,HLA-A*02:01,THHRCCKVEC,THHRCCVEC,0,6,1,0,0,THHRCCKVEC,PEPLIST,0.000002,90,0.019966,73.65,40285.65,
1,HLA-A*02:01,HSCRRTHLPG,HSCRRTHLG,0,8,1,0,0,HSCRRTHLPG,PEPLIST,0.000002,90,0.03104,58.061,35736.66,
1,HLA-A*02:01,QPNSYDTNWH,QPNSYDTNW,0,0,0,0,0,QPNSYDTNW,PEPLIST,0.000002,90,0.00898,92.803,45370.48,
1,HLA-A*02:01,PTHRQPPLFD,PTHQPPLFD,0,3,1,0,0,PTHRQPPLFD,PEPLIST,0.000002,90,0.010023,91.088,44861.34,
1,HLA-A*02:01,CHPRWTDLGH,CHPRWTLGH,0,6,1,0,0,CHPRWTDLGH,PEPLIST,0.000002,90,0.016107,80.224,42003.32,
1,HLA-A*02:01,NHETHKAWC,NHETHKAWC,0,0,0,0,0,NHETHKAWC,PEPLIST,0.000002,90,0.009964,91.185,44889.99,
1,HLA-A*02:01,CNVCYCAIPP,CVCYCAIPP,0,1,1,0,0,CNVCYCAIPP,PEPLIST,0.000002,90,0.079778,27.633,21090.92,
1,HLA-A*02:01,WHGCHGYRAP,WHGCHGYAP,0,7,1,0,0,WHGCHGYRAP,PEPLIST,0.000002,90,0.023732,67.73,38677.11,
1,HLA-A*02:01,EQGVCDLLQN,EQGVDLLQN,0,4,1,0,0,EQGVCDLLQN,PEPLIST,0.000002,90,0.018751,75.665,40818.73,
1,HLA-A*02:01,TDPLTKSRMQ,TDPLTKSRM,0,0,0,0,0,TDPLTKSRM,PEPLIST,0.000002,90,0.007227,95.273,46239.22,
1,HLA-A*02:01,EFNMGREQN,EFNMGREQN,0,0,0,0,0,EFNMGREQN,PEPLIST,0.000002,90,0.007331,95.205,46187.21,
1,HLA-A*02:01,FDERFSYGG,FDERFSYGG,0,0,0,0,0,FDERFSYGG,PEPLIST,0.000002,90,0.019866,73.813,40329.27,
1,HLA-A*02:01,PHLIDWSES,PHLIDWSES,0,0,0,0,0,PHLIDWSES,PEPLIST,0.000001,95,0.009074,92.649,45324.36,
1,HLA-A*02:01,PKRIPKWLP,PKRIPKWLP,0,0,0,0,0,PKRIPKWLP,PEPLIST,0.000001,95,0.004665,96.949,47538.91,
1,HLA-A*02:01,PTSHTNCKMD,PTSHTNCKM,0,0,0,0,0,PTSHTNCKM,PEPLIST,0.000001,95,0.013686,84.632,43118.13,
1,HLA-A*02:01,WHTDMERND,WHTDMERND,0,0,0,0,0,WHTDMERND,PEPLIST,0.000001,95,0.008258,93.99,45726.29,
1,HLA-A*02:01,NEKTEEHKDP,NEKTEEHKP,0,8,1,0,0,NEKTEEHKDP,PEPLIST,0.000001,95,0.002683,98.245,48569.4,
1,HLA-A*02:01,CCQHWSINEN,CQHWSINEN,0,1,1,0,0,CCQHWSINEN,PEPLIST,0.000001,95,0.024403,66.733,38397.34,
1,HLA-A*02:01,DRLCLMDPY,DRLCLMDPY,0,0,0,0,0,DRLCLMDPY,PEPLIST,0.000001,95,0.015459,81.404,42298.86,
1,HLA-A*02:01,EGCKRDMCRT,EGCKRDMRT,0,7,1,0,0,EGCKRDMCRT,PEPLIST,0.000001,95,0.011668,88.244,44069.92,
1,HLA-A*02:01,VDNCAQGGLS,VNCAQGGLS,0,1,1,0,0,VDNCAQGGLS,PEPLIST,0.000001,95,0.016158,80.131,41980.16,
1,HLA-A*02:01,LRDELSLQGD,LRDELSLQD,0,8,1,0,0,LRDELSLQGD,PEPLIST,0.000001,95,0.012798,86.225,43534.4,
1,HLA-A*02:01,CSRLCGRKG,CSRLCGRKG,0,0,0,0,0,CSRLCGRKG,PEPLIST,0.000001,95,0.013879,84.281,43028.18,
1,HLA-A*02:01,PCTKWSKSWP,PTKWSKSWP,0,1,1,0,0,PCTKWSKSWP,PEPLIST,0.000001,95,0.010605,90.132,44579.74,
1,HLA-A*02:01,PDAIRCAGWR,PAIRCAGWR,0,1,1,0,0,PDAIRCAGWR,PEPLIST,0.000001,95,0.016535,79.476,41809.27,
1,HLA-A*02:01,DRKLTVECG,DRKLTVECG,0,0,0,0,0,DRKLTVECG,PEPLIST,0.000001,95,0.004498,97.058,47624.89,
1,HLA-A*02:01,NWKTTPLAEG,NWKTPLAEG,0,3,1,0,0,NWKTTPLAEG,PEPLIST,0.000001,95,0.015077,82.099,42474.05,
1,HLA-A*02:01,QHTTCRDNNE,QTTCRDNNE,0,1,1,0,0,QHTTCRDNNE,PEPLIST,0.000001,95,0.011143,89.182,44320.97,
1,HLA-A*02:01,HCRTKLRCRE,HCRTKLRCR,0,0,0,0,0,HCRTKLRCR,PEPLIST,0.000001,95,0.009344,92.205,45192.14,
1,HLA-A*02:01,AEEGSHESKD,AEEGSHESK,0,0,0,0,0,AEEGSHESK,PEPLIST,0.000001,95,0.005138,96.639,47296.26,
1,HLA-A*02:01,CRRDCWSKH,CRRDCWSKH,0,0,0,0,0,CRRDCWSKH,PEPLIST,0.000001,95,0.011639,88.296,44083.77,
1,HLA-A*02:01,CKCTHAIRCW,CCTHAIRCW,0,1,1,0,0,CKCTHAIRCW,PEPLIST,0.000001,95,0.014105,83.869,42923.09,
1,HLA-A*02:01,PGLKDPCKHD,GLKDPCKHD,1,0,0,0,0,GLKDPCKHD,PEPLIST,0.000001,95,0.007545,95.065,46080.41,
1,HLA-A*02:01,YHERCGVFIG,YHERGVFIG,0,4,1,0,0,YHERCGVFIG,PEPLIST,0.000001,95,0.037048,51.638,33487.49,
1,HLA-A*02:01,QGCNERTIGD,QGNERTIGD,0,2,1,0,0,QGCNERTIGD,PEPLIST,0.000001,95,0.012391,86.952,43726.55,
1,HLA-A*02:01,NQCCCDETHS,NQCCDETHS,0,2,1,0,0,NQCCCDETHS,PEPLIST,0.000001,95,0.029115,60.357,36488.79,
1,HLA-A*02:01,LCRAFFRSG,LCRAFFRSG,0,0,0,0,0,LCRAFFRSG,PEPLIST,0.000001,95,0.018945,75.332,40733.16,
1,HLA-A*02:01,NHSVPRHLGN,NHSVPRHLN,0,8,1,0,0,NHSVPRHLGN,PEPLIST,0.000001,95,0.013151,85.595,43368.45,
1,HLA-A*02:01,RYEWTPGEN,RYEWTPGEN,0,0,0,0,0,RYEWTPGEN,PEPLIST,0.000001,95,0.009586,91.807,45073.97,
1,HLA-A*02:01,AHPWRQRADE,AHPWRQRAE,0,8,1,0,0,AHPWRQRADE,PEPLIST,0.000001,95,0.00999,91.143,44877.37,
1,HLA-A*02:01,PHHAKLGIS,PHHAKLGIS,0,0,0,0,0,PHHAKLGIS,PEPLIST,0.000001,95,0.005859,96.168,46928.71,
1,HLA-A*02:01,VRLTSCNHN,VRLTSCNHN,0,0,0,0,0,VRLTSCNHN,PEPLIST,0.000001,95,0.011131,89.203,44326.74,
1,HLA-A*02:01,YCKFQQYRHN,YCFQQYRHN,0,2,1,0,0,YCKFQQYRHN,PEPLIST,0.000001,95,0.01152,88.508,44140.55,
1,HLA-A*02:01,YSRKKLQHGN,YSRKKLHGN,0,6,1,0,0,YSRKKLQHGN,PEPLIST,0.000001,95,0.013455,85.052,43226.04,
1,HLA-A*02:01,EAHIRHIFD,EAHIRHIFD,0,0,0,0,0,EAHIRHIFD,PEPLIST,0.000001,95,0.011155,89.16,44315.22,
1,HLA-A*02:01,WFHHWMCFYE,WFHHWMFYE,0,6,1,0,0,WFHHWMCFYE,PEPLIST,0.000001,95,0.052597,39.443,28302.08,
1,HLA-A*02:01,IGFWYWERGN,IFWYWERGN,0,1,1,0,0,IGFWYWERGN,PEPLIST,0.000001,95,0.029541,59.82,36320.99,
1,HLA-A*02:01,GNNCAAGTS,GNNCAAGTS,0,0,0,0,0,GNNCAAGTS,PEPLIST,0.000001,95,0.015079,82.096,42473.12,
1,HLA-A*02:01,FYKGAIKMHN,FYKGAIMHN,0,6,1,0,0,FYKGAIKMHN,PEPLIST,0.000001,95,0.016719,79.159,41726.12,
1,HLA-A*02:01,DNTTRFQVE,DNTTRFQVE,0,0,0,0,0,DNTTRFQVE,PEPLIST,0.000001,95,0.006586,95.692,46561.02,
1,HLA-A*02:01,TKWTCIMHSD,TKWTIMHSD,0,4,1,0,0,TKWTCIMHSD,PEPLIST,0.000001,95,0.02369,67.793,38694.7,
1,HLA-A*02:01,EPGAAKSKVG,EPGAAKSKV,0,0,0,0,0,EPGAAKSKV,PEPLIST,0.000001,95,0.006603,95.681,46552.46,
1,HLA-A*02:01,GGPMYYESD,GGPMYYESD,0,0,0,0,0,GGPMYYESD,PEPLIST,0.000001,95,0.016191,80.071,41965.17,
1,HLA-A*02:01,KKLADTDDD,KKLADTDDD,0,0,0,0,0,KKLADTDDD,PEPLIST,0,100,0.003691,97.586,48042.55,
1,HLA-A*02:01,DRHSMIAGQD,DRHSMIAQD,0,7,1,0,0,DRHSMIAGQD,PEPLIST,0,100,0.008526,93.55,45593.87,
1,HLA-A*02:01,HETCWHWKHD,HTCWHWKHD,0,1,1,0,0,HETCWHWKHD,PEPLIST,0,100,0.01835,76.355,40996.23,
1,HLA-A*02:01,NWCQEAATDN,NWCQEAATN,0,8,1,0,0,NWCQEAATDN,PEPLIST,0,100,0.008002,94.411,45853.12,
1,HLA-A*02:01,PMHHAFNDHD,PMHHAFDHD,0,6,1,0,0,PMHHAFNDHD,PEPLIST,0,100,0.018304,76.434,41016.64,
1,HLA-A*02:01,KKSCLSCGAD,KSCLSCGAD,0,1,1,0,0,KKSCLSCGAD,PEPLIST,0,100,0.023191,68.534,38904.18,
1,HLA-A*02:01,PKKIYFYEEG,PKKIYFYEE,0,0,0,0,0,PKKIYFYEE,PEPLIST,0,100,0.007935,94.522,45886.38,
1,HLA-A*02:01,NKFLKYIHGD,NFLKYIHGD,0,1,1,0,0,NKFLKYIHGD,PEPLIST,0,100,0.0195,74.41,40489.28,
1,HLA-A*02:01,AKGGHHMVTD,AGGHHMVTD,0,1,1,0,0,AKGGHHMVTD,PEPLIST,0,100,0.009061,92.67,45330.73,
1,HLA-A*02:01,TGHHCFHYCN,TGHHCFHYC,0,0,0,0,0,TGHHCFHYC,PEPLIST,0,100,0.020018,73.565,40263,
1,HLA-A*02:01,PGKLSICYDG,PGKLSICYG,0,8,1,0,0,PGKLSICYDG,PEPLIST,0,100,0.009107,92.595,45308.17,
1,HLA-A*02:01,DTGMMMGKD,DTGMMMGKD,0,0,0,0,0,DTGMMMGKD,PEPLIST,0,100,0.00966,91.685,45037.88,
1,HLA-A*02:01,PRHGAPDHAN,PRHGPDHAN,0,4,1,0,0,PRHGAPDHAN,PEPLIST,0,100,0.004258,97.215,47748.74,
1,HLA-A*02:01,PPPMSKVEDD,PPPMSKVED,0,8,1,0,0,PPPMSKVEDD,PEPLIST,0,100,0.00517,96.618,47279.88,
1,HLA-A*02:01,DIRCLKSSWD,DIRCLKSSW,0,0,0,0,0,DIRCLKSSW,PEPLIST,0,100,0.013708,84.592,43107.87,
1,HLA-A*02:01,DRWYYGCQCD,DRWYYGCQC,0,0,0,0,0,DRWYYGCQC,PEPLIST,0,100,0.016301,79.878,41915.27,
1,HLA-A*02:01,SNHRCQVCFD,SNHRCQVCF,0,0,0,0,0,SNHRCQVCF,PEPLIST,0,100,0.016751,79.104,41711.67,
1,HLA-A*02:01,PERLDYGKDD,PERDYGKDD,0,3,1,0,0,PERLDYGKDD,PEPLIST,0,100,0.002613,98.291,48606.19,
1,HLA-A*02:01,PRRATKNYE,PRRATKNYE,0,0,0,0,0,PRRATKNYE,PEPLIST,0,100,0.003919,97.437,47924.18,
1,HLA-A*02:01,GEKRALAGWG,GEKRALAGW,0,0,0,0,0,GEKRALAGW,PEPLIST,0,100,0.009925,91.25,44908.93,
1,HLA-A*02:01,EGCTMMFQTD,EGTMMFQTD,0,2,1,0,0,EGCTMMFQTD,PEPLIST,0,100,0.016058,80.313,42025.59,
1,HLA-A*02:01,DRETCMELCQ,DETCMELCQ,0,1,1,0,0,DRETCMELCQ,PEPLIST,0,100,0.00759,95.035,46057.98,
1,HLA-A*02:01,AKKNHWKMWN,AKKNHWKMW,0,0,0,0,0,AKKNHWKMW,PEPLIST,0,100,0.006486,95.757,46611.44,
1,HLA-A*02:01,NNNVRVQIGD,NNNVVQIGD,0,4,1,0,0,NNNVRVQIGD,PEPLIST,0,100,0.010746,89.891,44511.77,
1,HLA-A*02:01,LDKICICSYN,LDKICICSY,0,0,0,0,0,LDKICICSY,PEPLIST,0,100,0.022705,69.257,39109.28,
,,,,,,,,,,,,,,,,
,,,,,,,,,,,,,,,,
,,,,,,,,,,,,,,,,
,,,,,,,,,,,,,,,,
,,,,,,,,,,,,,,,,
,,,,,,,,,,,,,,,,
,,,,,,,,,,,,,,,,
,,,,,,,,,,,,,,,,
,,,,,,,,,,,,,,,,
,,,,,,,,,,,,,,,,
,,,,,,,,,,,,,,,,
,,,,,,,,,,,,,,,,
,,,,,,,,,,,,,,,,
,,,,,,,,,,,,,,,,
,,,,,,,,,,,,,,,,
,,,,,,,,,,,,,,,,
,,,,,,,,,,,,,,,,
,,,,,,,,,,,,,,,,
,,,,,,,,,,,,,,,,
,,,,,,,,,,,,,,,,
,,,,,,,,,,,,,,,,
,,,,,,,,,,,,,,,,
,,,,,,,,,,,,,,,,
,,,,,,,,,,,,,,,,
,,,,,,,,,,,,,,,,
,,,,,,,,,,,,,,,,
,,,,,,,,,,,,,,,,
